customer_id,age,country,gender,annual_income_usd,total_orders,avg_order_value,churn
1,56,Poland,Male,36544,6,262.38,0
2,69,France,Female,35899,5,355.33,0
3,46,Poland,Female,49063,6,280.61,0
4,32,France,Male,110880,8,339.99,0
5,60,UK,Male,23748,2,412.58,0
6,25,Germany,Male,86629,1,199.68,0
7,38,France,Male,100764,5,427.36,0
8,56,Spain,Female,40884,5,98.2,0
9,36,Italy,Male,45183,4,150.03,0
10,40,USA,Female,101570,3,40.81,0
11,28,Spain,Female,91246,3,194.92,0
12,28,Spain,Female,39259,5,202.36,0
13,41,Italy,Male,55959,10,406.53,0
14,53,USA,Male,53457,2,333.5,0
15,57,Spain,Female,105679,5,229.63,0
16,41,France,Female,22103,3,333.01,0
17,20,France,Female,85901,4,45.34,0
18,39,France,Male,64535,6,106.53,0
19,19,USA,Female,36103,3,320.93,0
20,41,Spain,Male,118046,4,327.86,0
21,61,USA,Female,110012,4,391.58,0
22,47,France,Female,98278,5,213.44,0
23,55,Italy,Female,32391,8,366.83,0
24,19,Spain,Male,48901,5,348.31,0
25,38,Spain,Male,117537,6,482.43,0
26,50,Poland,Female,101159,3,123.26,0
27,29,Poland,Male,87914,4,284.81,0
28,39,UK,Female,70357,5,308.85,0
29,61,Germany,Male,106908,6,499.35,0
30,42,Poland,Male,58437,7,116.57,0
31,66,USA,Male,55503,5,271.14,0
32,44,Poland,Female,116282,2,186.17,0
33,59,UK,Male,113459,6,272.43,0
34,45,Spain,Male,95403,4,131.42,0
35,33,UK,Female,61258,2,42.85,1
36,32,Spain,Female,53724,4,294.83,0
37,64,Italy,Female,84286,2,181.21,0
38,68,Italy,Female,94842,3,107.33,0
39,61,Spain,Male,34908,4,175.49,0
40,69,Germany,Male,112617,7,43.65,0
41,20,Poland,Male,70626,5,476.21,0
42,54,USA,Male,57228,5,298.95,0
43,68,USA,Male,43386,7,411.09,0
44,24,France,Female,66754,9,223.1,0
45,38,Spain,Male,48302,7,453.59,0
46,26,USA,Male,80815,6,251.99,0
47,56,Germany,Male,104748,6,295.49,0
48,35,Spain,Female,83344,9,256.06,0
49,21,Germany,Female,55618,2,371.97,0
50,42,USA,Male,96234,3,291.99,0
51,31,USA,Female,81114,9,150.37,0
52,67,France,Female,90130,3,89.86,0
53,26,USA,Female,45525,8,310.94,0
54,43,Spain,Female,99818,5,254.81,0
55,19,Italy,Female,34334,4,66.07,0
56,37,Spain,Female,114715,9,209.9,0
57,45,Spain,Female,82767,2,267.09,0
58,64,France,Male,26644,5,416.91,0
59,24,France,Male,52933,10,56.53,0
60,61,USA,Female,63469,5,187.28,0
61,25,UK,Male,53687,4,414.87,0
62,64,UK,Male,72656,7,331.24,0
63,52,France,Female,37375,3,159.18,0
64,31,USA,Male,85206,6,425.76,0
65,34,UK,Female,116462,3,256.78,0
66,53,USA,Female,56607,3,259.21,0
67,67,USA,Female,103178,4,488.76,0
68,57,USA,Male,43993,1,474.62,0
69,21,Poland,Male,64386,2,192.1,0
70,19,Spain,Male,66287,4,87.48,0
71,23,USA,Male,106724,5,176.32,0
72,59,Poland,Female,118132,8,34.63,0
73,21,France,Female,113308,7,29.97,0
74,46,UK,Male,116393,7,209.85,0
75,35,Spain,Female,96312,2,471.69,0
76,43,Italy,Female,118371,6,438.25,0
77,61,UK,Male,95324,8,265.49,0
78,51,Spain,Female,91196,6,291.31,0
79,27,Italy,Male,90014,4,22.85,0
80,53,UK,Female,28210,4,123.44,0
81,31,Spain,Male,30922,4,31.89,0
82,48,UK,Female,56289,1,382.18,0
83,65,UK,Female,53340,6,89.91,0
84,32,Italy,Male,59850,8,437.14,0
85,25,UK,Male,76984,7,328.8,0
86,31,UK,Male,104178,7,130.12,0
87,40,Italy,Male,31094,6,95.71,0
88,57,France,Female,107959,6,321.26,0
89,38,USA,Female,53418,4,452.4,0
90,33,Germany,Male,25741,3,364.81,0
91,62,Poland,Female,92374,6,187.3,0
92,35,Germany,Male,88798,3,301.94,0
93,64,Germany,Male,90532,10,169.17,0
94,41,Spain,Female,42164,5,499.59,0
95,43,USA,Female,55595,6,379.44,0
96,42,Spain,Male,50257,6,314.9,0
97,62,USA,Male,34211,4,223.16,0
98,58,Italy,Male,115989,6,316.71,0
99,46,Italy,Female,25232,5,183.98,0
100,32,USA,Female,87753,3,33.86,0
101,62,UK,Female,72691,2,209.64,0
102,18,France,Female,109765,3,466.63,0
103,42,UK,Male,99768,2,320.62,0
104,24,France,Male,45613,8,60.3,0
105,26,Spain,Male,34026,7,444.8,0
106,41,France,Male,73535,4,149.06,0
107,18,Spain,Male,114090,3,137.01,0
108,61,Italy,Male,50908,3,162.6,0
109,25,Germany,Female,72113,6,297.06,0
110,41,Italy,Female,39610,5,281.45,0
111,28,Italy,Male,66646,1,255.88,0
112,68,Germany,Male,83185,8,364.42,0
113,34,France,Female,92567,9,171.94,0
114,25,France,Female,67574,4,395.39,0
115,52,Spain,Female,111051,7,104.15,0
116,52,UK,Female,56182,3,395.66,0
117,50,Spain,Male,20570,7,338.63,0
118,22,UK,Male,117790,5,347.94,0
119,59,Italy,Male,39288,6,251.15,0
120,56,Germany,Male,98824,8,340.16,0
121,58,Italy,Male,49877,2,58.3,1
122,45,USA,Female,104425,4,428.74,0
123,24,France,Male,20917,9,46.66,0
124,26,UK,Female,95602,4,91.4,0
125,25,Spain,Male,115040,4,296.86,0
126,29,Germany,Male,84575,3,374.92,0
127,51,UK,Male,92518,4,56.6,0
128,50,Spain,Male,59104,4,461.97,0
129,65,France,Male,38062,6,487.33,0
130,40,Italy,Female,36999,7,310.86,0
131,41,France,Female,81845,3,251.0,0
132,54,Poland,Female,29941,6,375.87,0
133,52,USA,Male,81169,8,177.61,0
134,61,Poland,Male,43470,7,256.77,0
135,57,Germany,Female,79821,3,459.75,0
136,39,UK,Male,106669,4,478.71,0
137,44,Germany,Male,64435,6,464.99,0
138,52,Italy,Female,24529,8,145.98,0
139,18,Spain,Male,103055,3,131.59,0
140,52,France,Female,32192,4,162.88,0
141,54,Poland,Male,94102,3,231.83,0
142,64,Poland,Female,92762,8,170.8,0
143,31,Italy,Male,106795,1,199.62,0
144,20,Poland,Male,54087,3,317.91,0
145,18,Italy,Female,86677,7,386.01,0
146,22,Germany,Male,24627,5,373.07,0
147,43,France,Male,76541,9,410.92,0
148,31,UK,Female,88226,5,35.45,0
149,56,Spain,Male,23255,4,42.91,0
150,44,UK,Female,77433,5,398.9,0
151,26,Germany,Male,25213,7,275.88,0
152,32,Spain,Male,39404,3,297.51,0
153,32,Poland,Male,45380,6,45.24,0
154,43,USA,Male,111056,7,142.55,0
155,59,Germany,Female,39173,4,326.41,0
156,30,Germany,Male,73027,4,432.41,0
157,68,France,Female,43989,4,460.15,0
158,49,UK,Male,44519,3,260.2,0
159,56,Germany,Male,42439,4,281.83,0
160,66,Germany,Male,96949,2,419.86,0
161,69,Poland,Male,34995,7,278.06,0
162,49,Poland,Female,43559,6,268.09,0
163,21,Spain,Female,109049,7,454.44,0
164,47,Italy,Female,25021,5,399.17,0
165,54,Italy,Female,118000,4,456.35,0
166,40,USA,Male,41119,5,124.76,0
167,56,Italy,Female,71539,4,271.7,0
168,62,France,Female,114835,7,424.39,0
169,32,USA,Male,59350,5,73.35,0
170,60,Spain,Male,66223,6,401.44,0
171,46,Poland,Male,45517,5,107.83,0
172,53,Italy,Male,98653,2,407.9,0
173,30,UK,Female,42250,4,313.76,0
174,49,Poland,Female,104486,4,112.75,0
175,24,France,Male,102895,6,247.21,0
176,68,Poland,Male,109132,11,347.31,0
177,39,France,Male,111066,6,324.25,0
178,45,France,Female,86798,8,225.08,0
179,19,France,Female,74199,5,451.7,0
180,59,Spain,Male,79546,3,269.25,0
181,62,France,Male,108151,5,262.82,0
182,23,France,Female,23327,1,49.88,1
183,45,UK,Male,49768,8,462.62,0
184,45,USA,Male,84418,6,105.02,0
185,61,Germany,Female,114386,4,273.61,0
186,61,USA,Male,62788,7,405.71,0
187,37,France,Female,102384,1,123.42,0
188,47,UK,Male,66830,7,273.14,0
189,28,Poland,Male,72446,3,135.53,0
190,45,UK,Female,35160,9,384.65,0
191,42,France,Female,76583,4,290.88,0
192,56,UK,Male,53998,2,430.87,0
193,50,Italy,Female,47230,4,449.39,0
194,18,UK,Male,29076,6,331.39,0
195,44,France,Male,89341,2,368.19,0
196,69,Spain,Female,51085,1,283.63,0
197,30,Italy,Male,75571,7,204.53,0
198,58,UK,Male,34715,7,331.1,0
199,20,Germany,Female,25750,6,455.98,0
200,56,Germany,Female,98768,8,220.01,0
201,23,UK,Male,55903,7,170.92,0
202,25,Spain,Female,92489,5,206.45,0
203,44,Poland,Female,52093,6,228.99,0
204,26,France,Female,111036,6,55.31,0
205,54,Germany,Female,107954,7,259.25,0
206,50,Poland,Male,54314,6,257.27,0
207,68,UK,Male,68225,3,302.45,0
208,59,Poland,Male,107985,3,194.15,0
209,61,Italy,Female,103014,1,314.29,0
210,41,USA,Female,55179,5,441.54,0
211,32,Germany,Female,45338,3,478.63,0
212,49,UK,Female,112435,9,300.13,0
213,49,France,Female,89681,8,40.44,0
214,41,Spain,Female,52101,4,485.23,0
215,58,Italy,Female,22775,2,358.81,0
216,69,UK,Male,117183,3,181.26,0
217,66,France,Male,65619,2,90.64,1
218,66,Spain,Female,65838,4,88.84,0
219,69,Spain,Female,39539,4,100.52,0
220,29,UK,Female,77124,5,41.87,0
221,56,Italy,Male,85149,8,453.03,0
222,19,Poland,Male,46616,6,279.57,0
223,20,Poland,Female,99655,3,355.98,0
224,66,Spain,Female,110695,5,417.49,0
225,54,Poland,Male,74567,6,399.94,0
226,66,USA,Male,57099,3,443.65,0
227,34,Spain,Male,95831,8,484.28,0
228,66,Spain,Male,81799,8,230.75,0
229,19,France,Female,110221,5,476.16,0
230,19,Poland,Male,45479,4,367.18,0
231,45,Italy,Male,66172,2,53.92,1
232,40,Spain,Female,119165,6,347.26,0
233,54,Italy,Male,75863,5,349.62,0
234,49,USA,Male,62043,6,454.81,0
235,50,France,Male,102569,7,199.01,0
236,18,UK,Female,35408,3,300.76,0
237,36,Italy,Male,77980,9,25.85,0
238,19,Spain,Female,102956,2,179.4,0
239,61,USA,Female,36351,0,49.88,1
240,43,Germany,Male,24131,6,270.5,0
241,49,USA,Male,64825,4,412.37,0
242,23,USA,Male,31349,6,119.09,0
243,49,France,Male,80931,4,273.17,0
244,21,UK,Female,64254,5,117.92,0
245,28,Germany,Male,58225,2,77.93,1
246,34,Poland,Male,32453,5,265.28,0
247,55,Poland,Male,38814,4,57.99,0
248,41,Italy,Female,38263,3,301.93,0
249,22,USA,Male,97694,5,35.04,0
250,69,France,Male,35735,3,71.22,0
251,51,France,Female,35830,3,284.0,0
252,23,Poland,Female,67893,4,303.88,0
253,39,Italy,Male,64673,8,33.91,0
254,28,Italy,Male,109462,5,295.22,0
255,65,Italy,Male,65066,4,422.48,0
256,33,Germany,Male,23373,4,366.71,0
257,50,UK,Male,30335,4,82.97,0
258,26,Germany,Female,43741,4,304.39,0
259,23,Spain,Female,30692,7,342.68,0
260,33,Spain,Male,67295,8,37.87,0
261,46,UK,Male,65541,7,430.57,0
262,20,Poland,Female,54057,3,455.01,0
263,37,UK,Male,86983,6,428.22,0
264,53,France,Male,39583,6,415.82,0
265,36,Spain,Male,42765,4,377.58,0
266,43,USA,Male,79287,6,324.05,0
267,20,USA,Male,43906,9,345.74,0
268,36,Poland,Female,105103,6,407.07,0
269,37,France,Male,99675,4,338.0,0
270,49,Germany,Male,66525,6,177.31,0
271,24,France,Male,58230,7,200.46,0
272,69,USA,Female,39520,4,450.59,0
273,58,USA,Female,105238,3,28.22,0
274,50,Spain,Female,71934,4,355.43,0
275,57,France,Female,45566,5,478.29,0
276,56,France,Male,93193,3,358.99,0
277,35,USA,Female,50134,5,497.08,0
278,57,Germany,Male,30345,3,350.02,0
279,18,Poland,Male,61185,5,36.49,0
280,28,Italy,Female,112949,5,416.96,0
281,45,Poland,Female,90744,5,156.62,0
282,42,France,Female,53455,6,234.11,0
283,67,Poland,Female,48018,6,169.8,0
284,40,USA,Female,74219,6,148.91,0
285,48,USA,Male,65991,5,227.07,0
286,47,France,Female,93616,7,201.8,0
287,59,France,Female,107438,3,324.0,0
288,52,Italy,Female,29486,5,410.31,0
289,24,Italy,Male,58862,7,162.6,0
290,33,Spain,Female,78870,2,122.59,0
291,43,France,Male,106694,8,340.11,0
292,65,Germany,Female,63856,4,341.75,0
293,69,Poland,Female,106055,2,452.54,0
294,66,France,Male,51379,5,27.65,0
295,19,UK,Female,84729,5,429.46,0
296,18,Spain,Male,48378,4,270.08,0
297,65,UK,Male,74353,6,318.23,0
298,29,USA,Male,69996,8,63.86,0
299,22,Italy,Female,34031,4,227.66,0
300,54,Poland,Female,100072,3,129.11,0
301,49,France,Female,85982,6,142.03,0
302,26,UK,Male,56683,4,261.97,0
303,58,Poland,Female,37618,2,409.98,0
304,52,USA,Male,26587,3,377.01,0
305,36,Italy,Female,82790,1,303.68,0
306,65,Germany,Male,51480,9,278.92,0
307,33,Spain,Male,118530,5,225.11,0
308,20,Poland,Male,40527,3,486.9,0
309,37,Poland,Female,43569,4,288.89,0
310,41,Germany,Male,31151,3,141.9,0
311,50,Poland,Male,91094,4,130.44,0
312,41,USA,Male,79174,6,313.45,0
313,69,USA,Male,64739,4,270.96,0
314,28,Germany,Male,52954,2,23.69,1
315,66,Spain,Male,55303,6,418.43,0
316,25,France,Female,54700,3,357.98,0
317,53,UK,Female,113036,6,337.68,0
318,55,France,Male,87568,2,53.01,1
319,57,Poland,Female,86788,8,193.79,0
320,37,UK,Female,91045,3,468.98,0
321,52,Germany,Male,57842,6,434.04,0
322,65,Germany,Male,33900,4,157.06,0
323,42,Spain,Male,100059,5,95.39,0
324,52,UK,Female,21881,6,235.56,0
325,42,USA,Male,53037,1,190.8,0
326,46,UK,Female,21630,5,347.47,0
327,35,Poland,Male,40789,7,483.89,0
328,63,USA,Female,108059,6,194.24,0
329,35,Italy,Male,103494,6,49.87,0
330,19,Italy,Male,66151,7,450.85,0
331,52,Italy,Female,68920,4,38.22,0
332,33,Germany,Female,87231,3,477.33,0
333,58,UK,Female,100357,8,339.0,0
334,53,Italy,Female,23262,4,472.01,0
335,50,France,Female,86981,5,115.84,0
336,21,Spain,Female,101972,5,39.54,0
337,50,France,Male,95485,3,254.34,0
338,31,Italy,Female,74722,9,236.3,0
339,38,Spain,Male,109499,8,179.12,0
340,65,Poland,Male,70818,6,479.68,0
341,37,France,Female,49932,3,414.84,0
342,25,UK,Male,26901,5,337.56,0
343,24,UK,Female,119023,5,98.17,0
344,20,France,Female,28597,5,372.48,0
345,34,Italy,Male,83909,3,368.97,0
346,50,UK,Male,92391,7,224.03,0
347,65,Poland,Female,104214,3,463.9,0
348,29,USA,Female,28263,0,100.15,0
349,68,Italy,Male,83293,6,148.32,0
350,39,Poland,Male,45805,6,50.35,0
351,39,Spain,Male,111679,4,401.82,0
352,63,Poland,Male,31874,5,318.44,0
353,47,Italy,Female,113065,9,171.17,0
354,55,Spain,Female,106402,5,98.63,0
355,55,Italy,Female,34079,4,39.27,0
356,62,UK,Female,69850,3,100.04,0
357,68,USA,Male,92779,6,237.58,0
358,25,Italy,Male,115408,2,138.64,0
359,44,Italy,Female,29018,6,144.31,0
360,44,UK,Female,69500,6,440.28,0
361,51,Germany,Female,32100,6,267.27,0
362,38,UK,Female,77021,5,370.04,0
363,47,Spain,Female,39800,3,37.14,0
364,50,UK,Female,83400,4,195.28,0
365,45,UK,Female,112446,4,250.0,0
366,64,USA,Female,49437,5,109.48,0
367,50,UK,Female,96537,4,77.69,0
368,22,Italy,Male,66675,4,437.75,0
369,65,USA,Female,39942,5,470.93,0
370,36,France,Male,40862,5,57.83,0
371,21,Germany,Male,31669,5,187.53,0
372,52,USA,Female,73772,7,479.98,0
373,66,Spain,Female,35916,3,59.92,0
374,34,France,Male,30878,2,328.95,0
375,61,USA,Male,22985,4,486.67,0
376,45,USA,Female,117905,4,489.55,0
377,47,Germany,Male,93648,6,246.19,0
378,46,Italy,Female,61235,3,98.12,0
379,63,Spain,Female,38931,5,117.0,0
380,23,Poland,Female,112876,5,447.01,0
381,52,Poland,Male,20336,5,457.61,0
382,58,USA,Male,62933,5,311.78,0
383,54,UK,Female,104899,3,387.76,0
384,41,Spain,Male,65536,10,375.17,0
385,46,France,Male,89504,5,337.67,0
386,66,UK,Male,119214,4,417.09,0
387,63,UK,Male,71148,4,349.0,0
388,48,Spain,Male,36279,7,276.32,0
389,52,Italy,Male,88665,3,133.74,0
390,50,USA,Male,91386,6,377.07,0
391,69,USA,Female,106124,2,247.25,0
392,38,USA,Male,97485,4,161.5,0
393,49,USA,Male,94055,4,404.93,0
394,40,Poland,Male,111911,4,354.42,0
395,50,USA,Male,118618,8,469.92,0
396,20,Poland,Male,97273,5,99.41,0
397,35,Poland,Male,86670,8,331.61,0
398,42,Italy,Male,96474,5,137.23,0
399,59,USA,Male,74028,7,453.72,0
400,48,Germany,Female,110022,8,67.76,0
401,20,France,Male,111632,3,334.96,0
402,57,UK,Male,91128,4,399.72,0
403,63,Poland,Male,38108,6,190.36,0
404,41,Spain,Male,72495,4,477.99,0
405,67,Spain,Female,102806,4,428.35,0
406,49,France,Female,113185,6,161.42,0
407,64,Spain,Female,96533,2,23.62,1
408,39,Germany,Female,119025,4,162.4,0
409,40,Spain,Female,76830,2,155.03,0
410,19,UK,Female,94640,8,447.18,0
411,44,UK,Female,72509,7,484.22,0
412,59,Poland,Female,86406,2,53.81,1
413,19,USA,Female,114220,5,246.22,0
414,43,Italy,Female,59519,6,283.2,0
415,34,Germany,Female,69649,7,64.6,0
416,57,Poland,Female,54524,7,201.2,0
417,50,Germany,Female,116493,7,172.2,0
418,26,USA,Female,53885,6,277.31,0
419,60,Spain,Female,64369,5,337.37,0
420,65,Spain,Female,115402,5,357.67,0
421,56,Italy,Male,50676,8,85.64,0
422,46,USA,Female,84093,7,410.21,0
423,59,Poland,Male,67764,4,345.7,0
424,43,Italy,Female,70799,5,446.76,0
425,52,USA,Female,99414,8,235.68,0
426,67,France,Male,113095,5,449.07,0
427,42,UK,Female,92307,2,435.57,0
428,41,Italy,Male,102062,3,230.44,0
429,30,Italy,Male,115432,7,202.95,0
430,24,Poland,Male,51923,3,467.75,0
431,53,Germany,Female,98388,8,363.28,0
432,62,France,Female,67574,1,465.56,0
433,37,Poland,Female,63391,5,402.55,0
434,18,USA,Male,73664,3,312.46,0
435,25,USA,Male,87384,5,75.61,0
436,63,USA,Female,51027,5,159.91,0
437,33,USA,Female,55464,2,485.04,0
438,31,Germany,Female,54485,7,173.32,0
439,29,France,Female,39456,2,64.76,1
440,68,Spain,Female,94795,4,359.63,0
441,40,UK,Male,55554,5,372.32,0
442,32,Germany,Male,66922,4,157.02,0
443,45,Germany,Male,33409,4,162.88,0
444,51,Spain,Female,89327,5,245.07,0
445,19,Spain,Male,111400,4,30.46,0
446,49,UK,Male,56639,4,398.88,0
447,40,UK,Male,83627,5,172.2,0
448,39,Spain,Male,103424,7,429.81,0
449,68,USA,Male,39692,6,405.26,0
450,42,Germany,Female,109037,6,337.47,0
451,39,Poland,Male,98840,8,175.94,0
452,39,UK,Female,74200,5,267.83,0
453,66,UK,Female,113063,2,233.52,0
454,69,Spain,Female,77415,4,182.66,0
455,59,France,Female,38074,6,427.11,0
456,23,Poland,Female,35549,3,252.08,0
457,32,Poland,Male,49963,3,419.71,0
458,60,UK,Male,111456,5,70.5,0
459,54,USA,Female,116362,5,87.69,0
460,50,France,Female,72265,6,489.11,0
461,25,Poland,Female,36061,2,302.13,0
462,61,UK,Male,78226,6,264.69,0
463,61,Poland,Female,48810,4,271.11,0
464,22,Italy,Male,80006,3,123.33,0
465,56,France,Female,42800,4,364.98,0
466,21,France,Male,95476,2,60.69,1
467,23,Italy,Female,89460,6,295.2,0
468,62,Germany,Male,77767,8,293.97,0
469,49,Italy,Female,48054,5,458.81,0
470,69,Spain,Male,95319,6,272.57,0
471,47,Spain,Male,65397,5,85.79,0
472,64,UK,Male,33233,5,294.92,0
473,52,France,Male,110020,6,63.84,0
474,57,Germany,Male,45068,4,117.82,0
475,69,Germany,Male,85727,4,34.93,0
476,33,Poland,Male,110610,5,266.38,0
477,30,Poland,Female,90453,5,60.58,0
478,67,Italy,Female,45832,4,245.31,0
479,59,Germany,Female,106242,4,467.81,0
480,47,Italy,Female,33682,7,365.49,0
481,36,Italy,Female,112298,5,57.16,0
482,34,Poland,Male,43383,4,127.62,0
483,36,France,Male,78160,3,343.36,0
484,45,Italy,Male,113332,9,449.46,0
485,43,USA,Male,43666,6,35.8,0
486,54,France,Male,78817,6,409.98,0
487,43,Germany,Female,111198,4,289.67,0
488,40,Germany,Female,54642,7,282.12,0
489,26,Italy,Female,61830,6,479.75,0
490,29,France,Female,30234,6,378.87,0
491,18,Poland,Male,77616,2,428.06,0
492,18,Poland,Male,29221,6,189.92,0
493,64,Spain,Male,31410,4,286.09,0
494,51,Germany,Female,100055,7,315.39,0
495,49,UK,Male,81413,8,174.36,0
496,65,Spain,Female,21051,6,293.72,0
497,42,Poland,Male,95301,3,133.59,0
498,57,France,Male,96918,4,88.82,0
499,62,Poland,Female,98116,5,199.51,0
500,18,France,Male,76563,3,374.86,0
501,33,Spain,Male,117859,5,459.77,0
502,56,Germany,Female,64757,8,239.7,0
503,22,Poland,Male,97475,8,328.56,0
504,39,Italy,Female,71257,5,69.46,0
505,46,France,Male,115500,5,454.14,0
506,20,Germany,Male,20307,8,292.93,0
507,29,UK,Male,76889,5,394.56,0
508,43,France,Male,88895,4,401.33,0
509,33,Spain,Male,115184,3,143.11,0
510,68,UK,Male,55944,7,274.0,0
511,54,UK,Male,119555,4,481.03,0
512,39,USA,Male,58134,4,63.02,0
513,46,Poland,Female,47323,5,347.86,0
514,31,France,Female,91762,3,481.89,0
515,45,UK,Male,107225,5,164.28,0
516,22,USA,Male,116507,4,433.5,0
517,64,Spain,Female,45954,6,468.16,0
518,66,Germany,Male,75021,5,378.6,0
519,47,Italy,Male,109959,5,131.04,0
520,63,Italy,Female,115927,2,180.32,0
521,69,France,Male,99866,5,37.19,0
522,22,UK,Male,90427,3,419.1,0
523,29,Italy,Female,24992,3,427.81,0
524,33,Poland,Male,21961,5,323.7,0
525,43,Italy,Male,32497,4,189.21,0
526,43,Italy,Female,52551,3,56.87,0
527,65,Italy,Male,96384,4,381.47,0
528,38,USA,Female,75755,2,368.73,0
529,56,UK,Male,33255,6,458.05,0
530,53,Poland,Male,24567,7,370.66,0
531,50,UK,Female,68847,3,417.77,0
532,47,France,Female,68003,5,378.06,0
533,54,France,Male,40389,4,322.73,0
534,40,France,Female,64523,6,224.94,0
535,27,Spain,Female,81576,6,453.02,0
536,22,Italy,Male,63919,2,332.46,0
537,53,Spain,Male,102103,2,211.21,0
538,51,USA,Male,23358,5,60.07,0
539,69,France,Female,108535,2,159.54,0
540,48,Poland,Female,96524,7,280.99,0
541,27,UK,Female,117057,4,152.3,0
542,36,Italy,Female,25698,5,126.19,0
543,49,Germany,Male,86809,7,273.15,0
544,18,Poland,Female,113079,5,101.51,0
545,22,Italy,Male,75805,7,404.2,0
546,62,Spain,Female,51349,1,252.5,0
547,21,Spain,Male,96777,3,295.45,0
548,33,Poland,Male,70248,4,90.74,0
549,41,Spain,Male,95033,9,175.8,0
550,33,France,Female,118239,4,216.84,0
551,19,USA,Male,64041,5,407.94,0
552,66,UK,Male,51954,6,389.68,0
553,45,USA,Female,28002,6,127.03,0
554,49,Italy,Male,89783,3,315.77,0
555,44,UK,Female,107234,3,136.86,0
556,37,UK,Female,39738,5,494.36,0
557,41,USA,Male,30703,7,477.02,0
558,29,Poland,Male,69422,6,290.37,0
559,67,UK,Female,103106,6,355.47,0
560,52,USA,Male,81899,4,404.69,0
561,50,UK,Female,32392,7,366.08,0
562,50,Germany,Female,64724,4,355.92,0
563,68,Poland,Female,52299,8,480.11,0
564,60,France,Male,35641,5,306.3,0
565,54,UK,Female,99534,5,325.43,0
566,29,Germany,Male,26305,4,427.65,0
567,20,France,Male,118262,5,341.55,0
568,18,France,Male,38782,2,371.81,0
569,50,Italy,Male,98257,3,132.4,0
570,57,UK,Female,97963,7,198.21,0
571,27,USA,Male,40566,5,90.7,0
572,60,UK,Female,87766,6,262.77,0
573,61,Germany,Female,26511,7,238.75,0
574,46,France,Male,46177,2,498.64,0
575,30,UK,Female,24765,7,313.38,0
576,29,USA,Female,40354,5,397.49,0
577,48,Italy,Male,43929,5,180.33,0
578,63,UK,Female,48820,7,419.14,0
579,19,Poland,Female,49523,6,315.24,0
580,68,Italy,Female,91088,5,354.56,0
581,67,USA,Female,86163,0,161.33,0
582,52,Germany,Male,97525,7,283.35,0
583,40,France,Female,33780,5,324.34,0
584,34,UK,Female,26589,5,302.77,0
585,43,USA,Female,54812,6,459.29,0
586,25,Italy,Female,113664,8,451.17,0
587,46,Poland,Male,65939,4,486.07,0
588,43,USA,Female,71493,6,340.37,0
589,27,Spain,Male,113326,4,486.52,0
590,43,Poland,Female,60953,1,419.59,0
591,51,Italy,Male,85785,3,150.0,0
592,68,Germany,Male,39309,4,225.17,0
593,58,France,Male,74195,5,134.43,0
594,24,Italy,Male,45901,4,22.01,0
595,21,Germany,Male,43576,5,110.26,0
596,67,UK,Female,51508,2,21.95,1
597,62,USA,Female,94711,2,365.52,0
598,28,Spain,Female,45464,5,224.26,0
599,46,Poland,Male,80281,5,170.04,0
600,53,Poland,Female,36260,5,385.63,0
601,42,USA,Male,55440,6,419.59,0
602,38,Spain,Male,115082,4,488.14,0
603,53,USA,Female,76683,9,328.17,0
604,27,UK,Female,61430,7,241.53,0
605,54,Germany,Male,21987,2,166.53,0
606,26,Italy,Male,45105,3,126.71,0
607,41,Poland,Female,98484,4,122.2,0
608,52,UK,Female,33026,6,216.41,0
609,66,Germany,Female,88309,7,496.06,0
610,52,UK,Female,65927,4,20.41,0
611,65,Spain,Male,95414,5,114.66,0
612,53,Poland,Female,77535,5,110.43,0
613,35,Italy,Female,62946,3,364.22,0
614,66,USA,Female,76561,3,189.19,0
615,56,USA,Male,30377,7,239.49,0
616,49,Germany,Male,73592,3,91.34,0
617,41,Italy,Male,27347,8,214.4,0
618,40,France,Male,53776,8,69.54,0
619,49,Spain,Female,23783,5,275.86,0
620,54,Germany,Male,75798,5,67.01,0
621,29,France,Female,24298,3,399.44,0
622,66,UK,Female,90204,3,291.97,0
623,30,Spain,Female,106207,6,367.5,0
624,40,UK,Female,75161,5,220.89,0
625,42,Italy,Male,80652,4,203.12,0
626,52,Poland,Male,54484,6,67.14,0
627,58,Spain,Male,118614,3,271.45,0
628,47,France,Female,40922,12,266.96,0
629,34,Poland,Female,54028,1,244.69,0
630,66,USA,Female,40316,6,375.45,0
631,37,France,Female,96996,1,419.6,0
632,65,Germany,Female,36968,6,380.38,0
633,42,USA,Male,50266,1,89.06,1
634,39,USA,Female,115745,4,318.59,0
635,30,Germany,Male,44000,3,58.56,0
636,36,Spain,Female,34011,3,353.42,0
637,66,USA,Female,22866,5,203.28,0
638,53,Italy,Male,25898,5,83.6,0
639,29,France,Male,38395,5,433.78,0
640,58,Poland,Female,59019,9,314.72,0
641,36,USA,Female,24006,3,190.27,0
642,29,France,Female,54393,3,34.75,0
643,26,UK,Female,30956,6,277.91,0
644,24,France,Male,70042,6,463.15,0
645,45,Poland,Female,116199,3,306.26,0
646,31,France,Male,26078,7,486.39,0
647,48,Germany,Female,49631,4,85.5,0
648,69,Poland,Male,115676,1,292.79,0
649,36,Spain,Male,82901,7,403.1,0
650,64,UK,Female,89497,7,272.26,0
651,33,Germany,Male,114813,2,63.71,1
652,22,Spain,Female,61574,5,299.79,0
653,52,France,Male,51417,6,313.63,0
654,29,Poland,Female,108020,9,369.78,0
655,42,UK,Male,103639,3,385.38,0
656,69,Germany,Female,85006,4,389.97,0
657,38,Spain,Female,114881,10,338.45,0
658,53,Spain,Male,59454,4,123.59,0
659,40,UK,Male,21587,4,214.03,0
660,33,Italy,Male,74710,4,392.54,0
661,56,France,Male,106567,7,477.64,0
662,62,UK,Female,111748,8,57.89,0
663,59,Spain,Male,95886,6,277.06,0
664,56,USA,Female,38816,6,170.01,0
665,31,Germany,Male,105824,3,128.19,0
666,48,UK,Female,49432,5,262.79,0
667,22,Italy,Female,68617,6,310.92,0
668,52,Spain,Female,92373,2,24.69,1
669,40,France,Female,54217,8,394.5,0
670,46,Spain,Male,40884,5,413.54,0
671,60,France,Male,25454,4,483.45,0
672,28,UK,Female,94960,4,106.71,0
673,35,France,Male,63618,2,305.39,0
674,64,Poland,Male,103948,5,224.78,0
675,29,Poland,Female,82671,5,180.72,0
676,26,Poland,Male,67111,4,291.5,0
677,27,Italy,Male,59613,2,395.54,0
678,61,Italy,Male,105678,4,31.07,0
679,34,USA,Female,79993,4,485.31,0
680,55,Italy,Male,28848,1,408.74,0
681,24,UK,Female,98672,8,380.55,0
682,63,Spain,Male,86125,4,384.99,0
683,30,Spain,Male,106444,10,206.75,0
684,57,USA,Male,81602,6,380.78,0
685,59,Italy,Female,92045,3,205.65,0
686,26,France,Female,62222,6,451.38,0
687,67,USA,Male,69223,4,105.07,0
688,44,France,Female,85333,3,160.33,0
689,19,France,Male,72732,2,284.64,0
690,22,Germany,Female,69420,3,173.22,0
691,46,Spain,Female,95504,5,223.63,0
692,54,Poland,Male,22462,3,256.36,0
693,55,Italy,Male,29460,4,431.05,0
694,36,France,Male,119319,3,271.13,0
695,25,Germany,Male,29275,6,193.98,0
696,65,Spain,Female,114213,5,138.91,0
697,62,Poland,Female,33269,5,216.16,0
698,18,France,Female,85942,4,267.55,0
699,39,France,Male,92920,4,378.14,0
700,69,USA,Male,42553,6,78.1,0
701,34,USA,Female,44366,4,126.37,0
702,24,Spain,Male,64036,6,202.23,0
703,42,Poland,Female,37369,4,192.99,0
704,62,France,Female,31795,5,208.04,0
705,21,Spain,Female,90021,5,400.89,0
706,53,Spain,Female,88154,4,175.59,0
707,23,UK,Female,50143,5,260.91,0
708,48,Italy,Male,49425,3,319.48,0
709,36,USA,Male,108209,4,131.45,0
710,61,Poland,Male,95139,6,364.97,0
711,56,France,Female,25368,6,282.61,0
712,44,Spain,Female,24621,1,234.45,0
713,27,France,Female,78829,3,408.7,0
714,43,UK,Female,80294,4,136.88,0
715,36,Poland,Male,34719,6,443.92,0
716,56,Spain,Male,49227,4,289.3,0
717,20,France,Female,27566,3,312.4,0
718,62,USA,Female,32306,14,440.03,0
719,30,Italy,Female,73822,5,412.44,0
720,67,UK,Male,44042,4,308.75,0
721,45,Poland,Male,35086,5,381.53,0
722,37,UK,Male,37387,5,227.99,0
723,45,USA,Female,47042,7,282.74,0
724,25,Poland,Female,109424,7,49.79,0
725,58,UK,Male,71618,7,63.13,0
726,56,Germany,Female,112050,2,418.12,0
727,18,USA,Male,38323,5,48.64,0
728,20,USA,Female,38019,3,101.31,0
729,30,USA,Male,95426,7,402.0,0
730,45,Germany,Female,60863,2,20.55,1
731,66,Germany,Male,30283,6,155.55,0
732,42,France,Male,38279,4,300.34,0
733,50,Spain,Male,66999,8,305.82,0
734,55,Italy,Male,82780,5,393.03,0
735,23,UK,Male,42908,1,262.84,0
736,61,France,Male,81584,2,264.51,0
737,62,UK,Female,70225,3,368.15,0
738,49,Italy,Female,57952,6,259.34,0
739,62,Spain,Female,57663,8,312.08,0
740,64,Germany,Male,81381,4,450.93,0
741,38,Spain,Male,67929,3,212.7,0
742,33,Germany,Female,29343,6,204.86,0
743,38,Italy,Male,96173,6,21.7,0
744,28,Spain,Male,59791,8,314.44,0
745,54,France,Male,49134,6,34.29,0
746,53,Poland,Male,67101,6,261.99,0
747,52,France,Male,89443,5,406.03,0
748,36,UK,Female,119111,4,283.96,0
749,37,France,Female,77530,5,149.43,0
750,35,Italy,Female,66799,5,397.36,0
751,64,USA,Female,24827,6,149.46,0
752,58,UK,Female,116143,11,371.86,0
753,66,Spain,Male,82653,8,312.92,0
754,31,UK,Male,33699,7,101.6,0
755,32,Poland,Male,111419,7,454.46,0
756,48,Germany,Male,25313,4,116.31,0
757,18,Spain,Female,33598,8,495.0,0
758,20,UK,Female,48807,6,23.51,0
759,33,Spain,Female,90423,2,146.47,0
760,40,Spain,Male,89390,4,115.93,0
761,28,Spain,Female,65226,0,26.72,1
762,29,Germany,Male,79550,6,371.54,0
763,27,Italy,Female,100072,0,352.84,0
764,49,France,Female,23558,7,400.33,0
765,33,Spain,Male,95308,9,143.22,0
766,25,USA,Male,70113,7,233.28,0
767,55,Italy,Female,72999,2,336.37,0
768,29,Poland,Female,75878,4,231.09,0
769,41,Germany,Male,56343,8,354.72,0
770,45,UK,Female,78219,5,324.31,0
771,25,Germany,Female,55186,5,75.03,0
772,45,UK,Male,56966,6,394.9,0
773,53,Germany,Female,53769,2,365.92,0
774,43,UK,Male,73218,4,334.8,0
775,25,Spain,Female,39229,7,94.44,0
776,67,France,Male,95209,3,148.64,0
777,45,UK,Female,47877,6,208.72,0
778,45,UK,Male,78001,2,154.37,0
779,54,USA,Female,117137,8,129.35,0
780,58,UK,Male,58084,10,406.57,0
781,53,USA,Female,101780,5,326.35,0
782,44,Poland,Female,112892,4,291.43,0
783,34,Spain,Female,36806,4,128.46,0
784,26,USA,Female,108635,8,460.68,0
785,50,France,Female,57034,9,111.77,0
786,37,Italy,Female,60317,7,401.58,0
787,30,Spain,Female,75468,7,484.0,0
788,45,USA,Female,39094,3,369.0,0
789,65,Spain,Female,77796,8,496.57,0
790,46,Spain,Male,30589,7,332.5,0
791,30,Spain,Male,77221,2,124.38,0
792,63,Poland,Female,21657,5,117.83,0
793,52,France,Male,118300,7,175.79,0
794,23,Germany,Female,59531,6,23.42,0
795,35,Germany,Female,72227,1,347.22,0
796,68,USA,Male,23164,3,148.96,0
797,22,Spain,Female,113078,4,411.29,0
798,64,USA,Female,103973,4,192.4,0
799,42,Poland,Male,61247,3,250.38,0
800,19,Poland,Male,39601,7,483.53,0
801,27,UK,Female,113966,9,136.24,0
802,47,Poland,Male,70599,4,366.2,0
803,67,UK,Male,91545,3,382.46,0
804,62,France,Female,24552,4,126.08,0
805,22,USA,Male,29417,4,260.48,0
806,50,Italy,Male,78579,6,188.1,0
807,18,France,Female,88207,3,390.51,0
808,35,Poland,Male,92055,10,318.79,0
809,49,France,Male,98270,5,248.47,0
810,64,France,Female,23722,5,394.09,0
811,66,France,Female,90442,3,132.87,0
812,28,Poland,Female,115632,2,381.74,0
813,38,Italy,Male,60031,7,435.38,0
814,43,Spain,Female,99235,5,441.74,0
815,42,France,Female,41438,4,396.16,0
816,39,UK,Male,78819,6,215.85,0
817,44,Poland,Female,63856,5,491.27,0
818,66,France,Female,53576,4,202.2,0
819,30,Italy,Female,61938,7,326.54,0
820,50,Spain,Female,69028,4,97.32,0
821,51,Poland,Male,79807,2,490.62,0
822,58,Germany,Female,69877,3,357.91,0
823,52,Spain,Female,117783,8,381.62,0
824,18,UK,Male,63461,5,51.57,0
825,38,France,Female,113474,6,386.44,0
826,65,Italy,Male,60469,2,391.87,0
827,23,Germany,Male,103136,3,342.45,0
828,45,Italy,Male,40435,3,160.12,0
829,34,Germany,Female,104117,7,255.05,0
830,22,Poland,Male,34191,5,73.01,0
831,48,Germany,Male,104726,2,246.36,0
832,22,UK,Male,47386,2,137.04,0
833,55,UK,Female,51721,7,187.57,0
834,20,USA,Female,74786,8,98.05,0
835,40,UK,Female,33704,4,130.43,0
836,54,Spain,Female,76635,4,56.75,0
837,54,Germany,Female,22123,4,461.55,0
838,27,UK,Female,110710,3,274.6,0
839,27,Poland,Female,82993,4,210.44,0
840,36,Italy,Male,100122,6,276.81,0
841,34,Italy,Male,117512,5,321.58,0
842,38,USA,Male,45416,5,462.5,0
843,31,Italy,Male,21814,3,105.77,0
844,26,Germany,Female,98537,6,161.87,0
845,63,USA,Male,70258,4,488.38,0
846,18,Germany,Male,36508,2,198.17,0
847,68,Poland,Male,105166,5,30.83,0
848,62,USA,Male,98916,7,90.87,0
849,30,France,Female,55699,8,32.64,0
850,21,Spain,Female,66335,0,495.16,0
851,18,Spain,Female,66806,5,153.86,0
852,66,Germany,Male,97853,4,463.3,0
853,57,Italy,Female,83768,6,498.03,0
854,49,France,Male,55739,4,307.92,0
855,51,USA,Female,54785,7,35.93,0
856,45,France,Female,51980,2,59.16,1
857,48,France,Female,109335,3,251.16,0
858,25,Italy,Female,114702,3,214.96,0
859,56,USA,Female,105016,5,310.97,0
860,43,Poland,Male,21609,6,230.65,0
861,51,Italy,Female,86253,9,468.36,0
862,20,France,Male,105481,6,276.68,0
863,67,France,Male,111128,7,352.99,0
864,29,Poland,Male,48141,2,450.31,0
865,18,France,Male,50009,2,90.5,1
866,61,France,Male,26782,8,130.27,0
867,22,France,Female,112072,8,71.51,0
868,47,Spain,Female,119352,8,87.03,0
869,47,Italy,Female,45933,7,266.04,0
870,34,UK,Female,97154,6,174.17,0
871,65,Italy,Male,28307,2,223.12,0
872,64,Poland,Female,112207,7,491.6,0
873,40,France,Female,95874,6,95.22,0
874,32,Italy,Male,58346,5,279.59,0
875,54,Spain,Male,70772,6,67.46,0
876,38,Poland,Female,92084,4,172.88,0
877,31,Germany,Female,60149,4,273.21,0
878,19,Italy,Male,106700,4,474.38,0
879,28,Germany,Female,47526,5,207.79,0
880,68,France,Female,116758,4,51.16,0
881,56,Spain,Female,105712,7,206.32,0
882,55,Spain,Female,88477,2,89.96,1
883,51,Italy,Male,25695,4,130.4,0
884,55,Poland,Male,59169,1,316.68,0
885,67,Poland,Male,67947,6,52.36,0
886,51,Spain,Female,67224,1,243.07,0
887,35,Poland,Female,65865,6,312.54,0
888,47,Spain,Female,45553,6,222.49,0
889,32,Italy,Female,80410,0,29.18,1
890,44,UK,Female,110895,6,493.05,0
891,68,Spain,Male,44816,1,196.22,0
892,51,Germany,Female,75026,4,393.72,0
893,69,Poland,Female,70705,6,176.31,0
894,55,Spain,Male,81922,7,248.01,0
895,50,Spain,Female,93914,6,206.46,0
896,41,Italy,Male,21881,3,184.42,0
897,32,Poland,Male,59567,7,30.49,0
898,47,UK,Male,67365,6,192.81,0
899,59,Italy,Male,99211,5,446.96,0
900,68,UK,Male,90122,7,351.39,0
901,34,Italy,Female,45006,4,89.8,0
902,22,Poland,Male,61198,7,303.75,0
903,46,USA,Male,42831,1,448.27,0
904,21,Poland,Female,36459,2,356.02,0
905,27,Poland,Female,52443,2,91.37,1
906,34,UK,Male,62316,6,436.56,0
907,27,UK,Female,116131,8,164.74,0
908,34,Poland,Female,84486,6,237.96,0
909,37,Poland,Male,25877,0,272.55,0
910,41,Poland,Male,59553,10,428.24,0
911,22,UK,Female,24922,2,467.17,0
912,51,Poland,Male,24686,5,466.23,0
913,23,Poland,Male,52766,8,23.82,0
914,19,France,Female,99943,5,462.51,0
915,30,USA,Male,52006,4,46.11,0
916,60,Germany,Male,51422,3,147.57,0
917,60,USA,Male,32205,7,267.19,0
918,65,France,Male,106590,7,250.36,0
919,28,Germany,Male,43527,3,310.26,0
920,68,Italy,Female,38443,3,250.13,0
921,64,Poland,Female,36524,2,468.5,0
922,40,France,Male,48202,2,135.46,0
923,33,Italy,Female,85552,7,151.53,0
924,48,Poland,Male,66142,4,461.95,0
925,28,UK,Male,81692,1,56.83,1
926,33,Spain,Male,102384,3,312.59,0
927,25,France,Male,40855,10,347.23,0
928,21,UK,Male,103747,3,262.66,0
929,57,France,Female,80372,6,353.23,0
930,21,France,Female,45095,4,102.92,0
931,42,UK,Male,58724,5,429.26,0
932,20,Germany,Female,69241,3,87.21,0
933,49,USA,Male,72003,7,212.39,0
934,20,Poland,Female,88379,5,56.12,0
935,44,France,Male,114837,2,281.7,0
936,46,Poland,Female,111996,6,341.48,0
937,49,Spain,Male,117454,3,471.79,0
938,67,UK,Male,114283,2,374.88,0
939,68,Poland,Female,35972,7,279.73,0
940,36,UK,Female,113846,6,467.66,0
941,38,Poland,Male,42927,3,249.65,0
942,22,USA,Female,86630,5,289.38,0
943,35,USA,Male,72347,7,306.13,0
944,45,USA,Female,119708,4,216.79,0
945,59,USA,Female,108860,4,422.47,0
946,39,USA,Male,106210,3,108.88,0
947,38,USA,Female,89518,6,286.32,0
948,23,UK,Female,65283,4,366.67,0
949,18,France,Male,101326,5,453.91,0
950,22,Poland,Female,32205,7,444.28,0
951,58,USA,Male,109874,4,264.2,0
952,29,UK,Male,32748,3,328.72,0
953,43,UK,Male,41097,1,209.23,0
954,63,UK,Male,23092,5,244.73,0
955,51,France,Male,73311,8,455.01,0
956,66,Poland,Female,42692,5,466.74,0
957,31,France,Male,43862,5,449.8,0
958,43,Germany,Male,110396,3,86.42,0
959,62,Italy,Female,99507,3,428.04,0
960,44,UK,Female,100152,6,475.21,0
961,26,Germany,Female,90469,5,193.4,0
962,43,Spain,Male,24926,7,268.95,0
963,64,USA,Male,111299,6,393.97,0
964,39,Italy,Male,23969,8,289.8,0
965,64,USA,Female,55733,8,496.87,0
966,47,France,Male,89855,8,238.74,0
967,60,Italy,Female,61743,9,362.69,0
968,65,Poland,Male,59876,5,400.44,0
969,34,Germany,Female,40323,3,257.17,0
970,43,Poland,Male,36428,4,431.35,0
971,53,France,Male,54578,5,282.15,0
972,18,USA,Male,106486,6,217.59,0
973,25,Italy,Female,84140,7,71.76,0
974,66,Poland,Female,103829,4,208.84,0
975,52,Poland,Male,26364,6,372.29,0
976,69,USA,Male,55349,13,462.22,0
977,32,Italy,Male,20691,3,140.81,0
978,64,Germany,Female,115598,7,190.51,0
979,39,USA,Male,86467,7,93.9,0
980,31,Poland,Male,65896,2,351.55,0
981,43,Germany,Male,77062,5,480.89,0
982,45,Germany,Male,117266,2,327.66,0
983,40,USA,Female,99762,4,316.2,0
984,31,Poland,Female,33861,3,285.68,0
985,41,France,Male,116837,3,62.46,0
986,19,Poland,Male,108302,1,370.16,0
987,62,UK,Female,83928,7,308.98,0
988,43,Italy,Female,103231,4,337.51,0
989,31,Spain,Male,61347,9,451.43,0
990,68,France,Female,23121,4,396.3,0
991,24,Germany,Female,103793,6,394.84,0
992,20,France,Male,48164,3,465.05,0
993,64,Italy,Female,45491,8,495.17,0
994,40,Germany,Female,79222,6,299.02,0
995,63,Italy,Male,43165,5,72.26,0
996,60,Germany,Male,23748,3,240.38,0
997,64,France,Female,118581,11,398.05,0
998,62,Germany,Male,46553,7,33.31,0
999,35,Germany,Female,80380,6,47.31,0
1000,55,UK,Male,64331,6,52.24,0
1001,52,Poland,Female,116033,6,370.9,0
1002,68,Poland,Male,116844,6,260.56,0
1003,32,Spain,Female,59560,5,197.07,0
1004,42,Spain,Female,73865,8,70.7,0
1005,54,UK,Female,66686,6,371.48,0
1006,45,Spain,Male,95910,8,174.09,0
1007,27,Italy,Male,24675,13,147.36,0
1008,56,France,Female,86706,4,333.11,0
1009,34,USA,Female,97986,1,288.33,0
1010,56,Italy,Male,96216,4,193.96,0
1011,39,USA,Male,30068,2,327.91,0
1012,43,USA,Male,74460,7,150.19,0
1013,61,UK,Male,66418,4,401.52,0
1014,42,Italy,Male,46206,5,130.07,0
1015,34,UK,Male,20287,8,96.24,0
1016,30,Germany,Female,42337,6,395.57,0
1017,37,USA,Male,40666,5,359.79,0
1018,42,France,Female,21161,2,107.67,0
1019,21,Spain,Male,110071,6,75.8,0
1020,27,France,Male,118064,5,422.43,0
1021,20,Spain,Female,58751,6,392.77,0
1022,58,USA,Female,102063,3,177.08,0
1023,62,USA,Male,109389,6,335.93,0
1024,35,USA,Female,34758,6,79.6,0
1025,64,UK,Female,85780,4,263.38,0
1026,53,Italy,Female,23178,7,28.99,0
1027,64,Spain,Female,51831,4,207.97,0
1028,39,Italy,Male,22176,0,55.92,1
1029,51,UK,Female,53654,9,248.07,0
1030,64,UK,Male,46627,1,222.41,0
1031,25,Poland,Male,72550,6,233.3,0
1032,57,France,Male,64910,4,41.76,0
1033,66,France,Male,110417,5,193.58,0
1034,61,Germany,Female,78251,6,383.11,0
1035,36,UK,Female,55422,8,197.08,0
1036,59,Spain,Male,31984,4,363.28,0
1037,58,Poland,Male,109312,5,197.35,0
1038,54,Poland,Male,81386,10,223.15,0
1039,23,Italy,Male,103291,5,290.67,0
1040,69,France,Female,27135,7,476.33,0
1041,43,UK,Male,20320,6,72.25,0
1042,51,Germany,Female,114171,4,35.8,0
1043,62,UK,Male,41684,3,311.82,0
1044,23,Italy,Male,75913,5,475.57,0
1045,54,USA,Male,108774,4,495.07,0
1046,50,UK,Male,41889,4,252.4,0
1047,39,Italy,Female,115849,5,244.68,0
1048,38,USA,Female,118071,2,329.58,0
1049,23,USA,Female,68899,7,286.7,0
1050,23,Germany,Male,30770,3,324.36,0
1051,65,Spain,Male,59321,5,439.52,0
1052,21,France,Female,105962,6,378.23,0
1053,47,UK,Female,61777,8,258.5,0
1054,28,USA,Male,66250,5,241.69,0
1055,47,UK,Male,93034,3,327.01,0
1056,48,Spain,Female,60130,3,238.74,0
1057,41,France,Male,101931,5,239.73,0
1058,26,Spain,Male,69346,7,27.83,0
1059,20,France,Female,22537,5,103.55,0
1060,68,Poland,Male,104762,5,254.49,0
1061,48,France,Female,35216,10,414.87,0
1062,57,Germany,Male,104149,2,153.79,0
1063,54,Spain,Female,23009,6,270.87,0
1064,53,USA,Male,109904,7,185.58,0
1065,41,Poland,Female,49327,4,70.31,0
1066,48,Germany,Female,34209,11,479.98,0
1067,23,UK,Female,68443,5,430.24,0
1068,19,Spain,Female,35029,4,57.68,0
1069,37,Italy,Male,87613,1,365.5,0
1070,45,Italy,Male,99443,11,186.84,0
1071,28,USA,Female,76997,3,497.53,0
1072,21,France,Male,82559,2,165.15,0
1073,32,USA,Male,84892,7,134.59,0
1074,23,Italy,Male,90409,5,292.59,0
1075,66,UK,Male,28635,1,420.86,0
1076,47,Poland,Male,53065,6,112.41,0
1077,55,Poland,Female,53783,4,360.51,0
1078,68,Spain,Female,54152,9,49.48,0
1079,19,Poland,Female,78741,4,461.09,0
1080,32,Spain,Female,71502,9,58.92,0
1081,28,Spain,Male,49092,5,458.83,0
1082,25,Spain,Male,37653,2,255.59,0
1083,43,Italy,Female,117999,8,235.08,0
1084,68,Italy,Male,119564,2,487.19,0
1085,62,France,Male,60469,7,495.38,0
1086,61,Germany,Female,106483,9,332.09,0
1087,22,Spain,Male,79754,3,81.02,0
1088,23,Spain,Female,49978,3,262.96,0
1089,43,Germany,Female,107592,6,274.0,0
1090,21,USA,Male,114543,7,266.93,0
1091,36,Spain,Male,63169,2,293.36,0
1092,37,France,Female,68287,9,28.99,0
1093,50,Poland,Female,74745,5,361.39,0
1094,37,Poland,Male,25543,5,361.95,0
1095,66,UK,Female,76392,3,75.43,0
1096,29,UK,Female,41067,6,293.71,0
1097,64,Poland,Female,71033,6,292.81,0
1098,18,Poland,Male,65256,4,347.58,0
1099,43,Italy,Female,110633,6,60.99,0
1100,31,France,Male,89345,8,320.72,0
1101,55,Germany,Female,42191,4,154.76,0
1102,54,UK,Male,106803,6,263.36,0
1103,28,Italy,Female,92742,4,391.2,0
1104,53,Italy,Male,106593,9,358.71,0
1105,30,Germany,Male,48992,5,77.07,0
1106,60,Italy,Male,101531,7,303.77,0
1107,20,France,Female,68803,2,485.18,0
1108,50,Poland,Female,83477,4,95.25,0
1109,23,Spain,Female,33210,4,429.4,0
1110,67,Germany,Male,103329,7,357.22,0
1111,27,Poland,Female,46270,3,391.52,0
1112,22,Poland,Male,82008,4,155.34,0
1113,40,USA,Female,25197,3,158.19,0
1114,27,Germany,Male,27452,3,454.89,0
1115,61,Italy,Male,61486,2,192.72,0
1116,19,Spain,Male,34859,10,50.25,0
1117,30,Germany,Female,47236,3,308.29,0
1118,57,Italy,Female,51899,2,79.91,1
1119,19,Poland,Female,52083,6,402.37,0
1120,37,Spain,Male,87708,4,328.04,0
1121,18,Italy,Male,36663,6,439.87,0
1122,54,France,Female,113076,2,396.72,0
1123,26,Italy,Female,39053,4,73.81,0
1124,34,USA,Female,31085,9,202.91,0
1125,26,Poland,Male,50564,10,391.79,0
1126,28,Italy,Male,109745,5,220.32,0
1127,32,UK,Male,79095,2,486.74,0
1128,41,UK,Male,89517,3,373.16,0
1129,55,USA,Male,41153,7,27.44,0
1130,52,France,Female,25247,6,442.39,0
1131,47,Poland,Male,30553,4,68.39,0
1132,48,Germany,Male,40811,2,87.45,1
1133,66,USA,Male,115381,7,372.56,0
1134,22,France,Male,26135,6,435.18,0
1135,61,Germany,Male,25573,7,277.45,0
1136,67,UK,Female,99267,7,158.74,0
1137,31,UK,Male,27189,3,188.63,0
1138,28,Germany,Male,100077,3,184.59,0
1139,26,USA,Male,63646,4,176.81,0
1140,51,UK,Female,96623,5,136.6,0
1141,29,Poland,Female,73687,2,312.26,0
1142,52,Spain,Female,88312,4,452.19,0
1143,52,Italy,Male,47564,7,167.4,0
1144,18,Germany,Female,48835,5,109.61,0
1145,57,Germany,Male,81587,6,422.52,0
1146,39,UK,Male,27697,4,376.06,0
1147,46,USA,Female,100165,9,466.8,0
1148,25,Poland,Male,93922,2,99.45,1
1149,28,USA,Male,37046,6,89.24,0
1150,58,France,Male,77823,4,279.89,0
1151,54,France,Female,93580,3,314.93,0
1152,31,Spain,Male,73370,6,250.48,0
1153,47,UK,Male,29615,7,307.5,0
1154,52,UK,Female,25060,8,106.58,0
1155,38,UK,Male,96436,9,250.21,0
1156,54,Spain,Male,80519,5,335.88,0
1157,22,France,Female,91117,4,227.7,0
1158,36,USA,Male,81158,3,346.13,0
1159,31,Spain,Male,54782,7,236.57,0
1160,43,Spain,Male,105709,4,180.13,0
1161,21,USA,Male,98533,8,165.73,0
1162,42,UK,Male,78255,8,217.23,0
1163,62,Poland,Female,92684,1,31.08,1
1164,59,USA,Female,76918,5,340.89,0
1165,42,France,Female,104284,4,425.65,0
1166,35,Germany,Female,99558,3,190.22,0
1167,57,Germany,Male,105549,2,42.1,1
1168,25,Italy,Male,101422,8,493.65,0
1169,56,Italy,Male,45256,8,146.58,0
1170,57,Spain,Male,50005,3,80.78,0
1171,31,Germany,Male,26638,4,197.48,0
1172,49,Poland,Female,57419,12,374.51,0
1173,68,UK,Female,53377,3,161.08,0
1174,55,France,Male,63116,3,295.86,0
1175,50,Italy,Male,56634,4,219.47,0
1176,40,Poland,Male,102291,3,76.53,0
1177,32,France,Female,43382,4,178.54,0
1178,50,France,Male,76063,6,367.94,0
1179,42,UK,Male,42394,4,313.76,0
1180,34,Spain,Male,87789,3,77.49,0
1181,50,Germany,Female,20864,8,98.39,0
1182,64,UK,Male,119572,2,327.55,0
1183,19,Poland,Female,60222,3,410.44,0
1184,31,Spain,Female,33666,7,187.75,0
1185,57,Poland,Female,40955,3,305.75,0
1186,57,Spain,Female,101845,7,101.91,0
1187,68,Italy,Female,89590,5,169.46,0
1188,56,Poland,Female,86471,2,29.73,1
1189,68,UK,Male,108314,9,388.77,0
1190,23,Spain,Male,63298,4,212.48,0
1191,23,Spain,Male,83108,3,411.74,0
1192,20,France,Female,68924,1,360.02,0
1193,24,France,Male,36709,2,417.8,0
1194,68,USA,Female,29726,6,157.12,0
1195,25,Poland,Female,80824,10,108.85,0
1196,59,France,Female,60542,6,486.51,0
1197,69,USA,Male,40245,6,364.32,0
1198,32,Italy,Female,54753,2,420.34,0
1199,64,Italy,Female,99788,4,26.3,0
1200,46,France,Male,41316,5,190.14,0
1201,50,Poland,Male,104698,8,376.55,0
1202,69,Spain,Female,35960,5,57.43,0
1203,47,Germany,Female,50791,3,292.32,0
1204,56,Poland,Male,45216,1,225.95,0
1205,44,UK,Male,52467,7,28.46,0
1206,53,Italy,Male,84427,7,133.27,0
1207,46,France,Female,82047,4,156.7,0
1208,55,France,Male,93290,4,73.69,0
1209,50,Spain,Male,67014,4,323.14,0
1210,54,UK,Male,24078,9,136.35,0
1211,44,Spain,Female,98389,1,153.26,0
1212,50,UK,Male,70519,3,451.15,0
1213,21,Germany,Male,24042,4,244.22,0
1214,39,Italy,Male,69052,3,208.22,0
1215,19,France,Male,34389,3,367.46,0
1216,27,France,Male,115961,8,456.61,0
1217,22,Germany,Female,88111,11,32.02,0
1218,27,USA,Female,113715,4,235.15,0
1219,50,Italy,Female,70733,2,313.18,0
1220,55,Spain,Male,54754,3,172.91,0
1221,30,Germany,Female,38624,4,390.76,0
1222,48,Spain,Female,105886,2,486.31,0
1223,64,Poland,Female,46681,7,472.85,0
1224,53,France,Male,109524,2,147.67,0
1225,62,Spain,Male,101006,11,128.64,0
1226,41,UK,Female,44704,5,479.6,0
1227,69,Spain,Female,114913,5,240.14,0
1228,32,Poland,Male,114108,4,119.98,0
1229,46,Italy,Male,27493,4,359.36,0
1230,25,France,Female,89639,4,156.52,0
1231,22,Germany,Male,74383,3,148.28,0
1232,46,Poland,Female,22994,5,442.04,0
1233,64,France,Male,89280,9,97.99,0
1234,21,Spain,Female,67234,5,50.91,0
1235,29,Italy,Female,67291,2,149.21,0
1236,62,USA,Male,112868,6,311.33,0
1237,19,Italy,Female,25594,7,79.08,0
1238,44,USA,Female,27371,5,246.37,0
1239,48,UK,Female,67315,7,321.12,0
1240,68,Italy,Male,103564,7,427.39,0
1241,68,France,Male,99526,8,130.34,0
1242,53,USA,Male,36626,7,412.33,0
1243,53,Germany,Female,106005,3,132.76,0
1244,43,France,Male,27130,4,344.85,0
1245,60,Germany,Female,26828,4,226.72,0
1246,44,Italy,Female,77514,3,75.05,0
1247,22,Germany,Male,72664,7,362.85,0
1248,37,USA,Male,37883,7,124.53,0
1249,28,France,Female,63059,3,104.78,0
1250,27,Spain,Female,104078,7,192.0,0
1251,57,Poland,Male,62932,8,333.58,0
1252,55,USA,Male,81269,3,132.32,0
1253,23,USA,Male,95986,4,108.16,0
1254,25,Spain,Female,105959,7,24.78,0
1255,40,France,Female,22035,1,246.39,0
1256,64,France,Female,60745,4,225.75,0
1257,43,Italy,Female,37241,2,132.26,0
1258,63,Germany,Female,72975,2,45.75,1
1259,60,Italy,Male,43154,5,226.04,0
1260,29,Spain,Male,45625,6,398.34,0
1261,43,Italy,Female,64950,5,363.34,0
1262,30,Spain,Female,118602,4,433.18,0
1263,57,France,Male,76396,5,24.6,0
1264,35,Germany,Male,119227,7,483.88,0
1265,42,Italy,Male,33331,4,183.88,0
1266,50,USA,Male,83927,2,495.39,0
1267,64,UK,Female,106226,9,141.26,0
1268,57,Poland,Male,104719,4,246.34,0
1269,60,USA,Female,83014,3,189.89,0
1270,29,France,Male,59346,4,190.77,0
1271,61,Poland,Male,90411,4,424.3,0
1272,53,UK,Male,74478,6,378.28,0
1273,65,UK,Female,32254,4,496.23,0
1274,21,Germany,Female,75734,6,314.49,0
1275,22,Poland,Male,48621,9,242.36,0
1276,54,Germany,Female,96441,3,63.24,0
1277,25,USA,Female,66121,3,498.35,0
1278,59,Spain,Male,101418,8,284.73,0
1279,66,Spain,Male,80197,6,356.23,0
1280,45,Spain,Female,104577,1,215.24,0
1281,48,Poland,Female,114634,7,282.9,0
1282,26,Spain,Female,62431,5,472.44,0
1283,68,USA,Male,119245,7,99.88,0
1284,46,Germany,Male,24837,5,160.34,0
1285,31,Poland,Female,110025,2,92.99,1
1286,57,Germany,Male,103163,6,400.26,0
1287,58,Poland,Male,91232,7,49.78,0
1288,39,Germany,Female,68994,5,59.18,0
1289,28,UK,Female,99079,6,163.28,0
1290,40,Germany,Male,32615,5,266.81,0
1291,18,Spain,Male,21466,6,215.01,0
1292,63,UK,Female,50771,3,41.51,0
1293,54,Germany,Male,103886,4,479.6,0
1294,38,Poland,Male,85911,5,477.38,0
1295,43,Poland,Female,118566,8,154.09,0
1296,63,Poland,Female,40746,10,371.13,0
1297,53,France,Male,108422,5,297.72,0
1298,40,USA,Male,80739,3,133.99,0
1299,18,Poland,Male,118187,7,145.84,0
1300,68,UK,Female,93369,2,255.75,0
1301,57,Poland,Male,21893,6,221.23,0
1302,32,France,Male,50573,6,159.79,0
1303,38,Spain,Female,116907,6,407.61,0
1304,64,UK,Female,60874,5,251.1,0
1305,26,France,Male,97362,0,334.33,0
1306,26,Spain,Female,119956,6,110.85,0
1307,27,Italy,Female,107460,4,276.08,0
1308,69,Italy,Male,53367,6,172.63,0
1309,43,UK,Female,41199,3,272.68,0
1310,58,Germany,Female,111404,6,394.8,0
1311,52,USA,Male,94328,3,389.08,0
1312,69,USA,Female,77724,5,190.03,0
1313,42,France,Male,106133,2,353.25,0
1314,43,Spain,Male,56405,4,471.82,0
1315,28,USA,Female,118232,7,320.32,0
1316,55,Spain,Female,35989,6,91.24,0
1317,19,Spain,Female,48931,7,346.26,0
1318,24,France,Male,29290,6,70.35,0
1319,35,France,Female,58367,2,438.61,0
1320,44,France,Male,99878,0,268.0,0
1321,51,USA,Female,110477,4,204.87,0
1322,44,Italy,Female,99481,5,47.36,0
1323,34,France,Female,96298,2,202.78,0
1324,60,USA,Male,50133,3,453.54,0
1325,61,France,Female,47052,6,30.07,0
1326,68,Poland,Female,105489,9,247.83,0
1327,41,Spain,Male,60475,6,466.96,0
1328,42,France,Male,102666,4,209.52,0
1329,24,UK,Female,116622,2,225.52,0
1330,69,Spain,Female,77656,6,297.71,0
1331,23,Spain,Female,24633,7,242.21,0
1332,41,France,Male,37304,2,100.93,0
1333,50,Italy,Male,117820,6,28.91,0
1334,66,Germany,Male,66546,8,312.71,0
1335,46,Italy,Male,27008,4,461.99,0
1336,60,France,Female,68291,6,71.05,0
1337,39,Spain,Male,47405,6,121.26,0
1338,43,UK,Male,56386,1,197.71,0
1339,45,Spain,Male,110909,7,408.2,0
1340,67,Italy,Female,40827,6,149.24,0
1341,38,UK,Female,53040,5,443.39,0
1342,66,USA,Male,80354,3,46.38,0
1343,24,Poland,Male,98543,7,471.66,0
1344,34,Spain,Female,38157,4,289.16,0
1345,37,France,Female,117693,2,336.21,0
1346,58,USA,Female,55315,7,196.49,0
1347,66,Poland,Female,55932,5,395.36,0
1348,37,France,Female,41164,8,99.95,0
1349,39,Germany,Female,34414,7,43.48,0
1350,45,France,Female,34327,5,209.85,0
1351,57,UK,Female,20946,4,429.77,0
1352,66,UK,Male,34693,3,382.36,0
1353,24,Germany,Male,47241,9,268.23,0
1354,18,USA,Male,115790,4,294.63,0
1355,49,Poland,Male,35540,8,82.35,0
1356,30,France,Male,92255,4,423.53,0
1357,47,UK,Male,84757,2,397.74,0
1358,40,USA,Female,61203,2,335.11,0
1359,68,Germany,Female,45081,5,243.77,0
1360,36,Italy,Male,81861,8,482.94,0
1361,49,Spain,Male,31350,5,441.94,0
1362,47,Italy,Female,75512,6,329.33,0
1363,46,Italy,Female,76809,3,198.46,0
1364,66,UK,Female,117557,5,316.65,0
1365,62,Germany,Male,62832,8,296.21,0
1366,46,France,Female,48369,4,209.24,0
1367,47,Italy,Male,51728,5,167.2,0
1368,33,Italy,Male,37576,1,215.37,0
1369,57,Poland,Female,49001,5,295.48,0
1370,36,UK,Female,103384,6,225.5,0
1371,35,UK,Male,20390,3,146.52,0
1372,18,France,Female,107535,6,385.26,0
1373,31,Spain,Female,65436,5,275.1,0
1374,68,USA,Male,31569,5,52.48,0
1375,64,Poland,Female,33029,6,196.79,0
1376,67,UK,Male,42490,6,444.76,0
1377,19,Poland,Male,65875,7,382.51,0
1378,45,UK,Female,25867,6,175.16,0
1379,66,Poland,Male,100820,5,470.33,0
1380,67,Germany,Male,119515,6,56.77,0
1381,47,Italy,Female,29121,6,481.39,0
1382,55,UK,Female,21539,5,137.94,0
1383,68,Poland,Female,111024,10,24.37,0
1384,21,USA,Male,37027,4,228.23,0
1385,18,Germany,Male,94229,8,192.31,0
1386,25,Germany,Female,28921,6,278.76,0
1387,46,USA,Male,70435,4,402.45,0
1388,56,Poland,Female,30310,5,424.37,0
1389,20,France,Female,83965,4,212.59,0
1390,49,USA,Male,116444,6,226.33,0
1391,27,Poland,Female,89922,2,91.13,1
1392,27,USA,Male,117799,2,42.82,1
1393,36,USA,Male,113948,9,327.78,0
1394,63,UK,Female,102839,1,50.93,1
1395,51,Poland,Male,32242,3,372.24,0
1396,50,France,Female,28947,4,278.76,0
1397,40,Italy,Male,91466,3,115.32,0
1398,45,UK,Male,81816,2,278.97,0
1399,49,USA,Male,68785,6,107.84,0
1400,67,Italy,Female,20507,2,230.59,0
1401,24,Spain,Male,86972,7,403.79,0
1402,46,Italy,Female,47151,10,241.72,0
1403,25,USA,Male,31618,1,91.38,1
1404,18,USA,Male,94286,2,367.44,0
1405,20,Poland,Female,36122,4,109.65,0
1406,41,Poland,Female,27354,4,374.5,0
1407,40,UK,Female,50979,8,250.09,0
1408,25,France,Female,106436,6,237.8,0
1409,64,UK,Female,99376,2,428.69,0
1410,54,Germany,Male,72774,6,360.13,0
1411,20,USA,Male,25037,8,35.8,0
1412,68,Italy,Female,48633,8,162.16,0
1413,50,Spain,Male,44495,2,438.04,0
1414,45,USA,Male,84550,5,28.8,0
1415,64,USA,Male,101384,4,281.72,0
1416,25,UK,Female,56483,3,369.36,0
1417,51,Spain,Male,93373,8,318.49,0
1418,52,Spain,Male,54069,3,385.06,0
1419,49,Spain,Male,27370,7,368.33,0
1420,41,UK,Female,91947,2,352.17,0
1421,31,USA,Male,59133,1,414.34,0
1422,49,UK,Male,116035,5,329.93,0
1423,63,Poland,Female,115761,4,213.16,0
1424,60,Poland,Female,20692,4,246.52,0
1425,33,UK,Male,48926,4,364.03,0
1426,21,Spain,Male,119782,3,440.63,0
1427,69,USA,Female,93984,0,150.67,0
1428,54,UK,Female,63390,2,184.2,0
1429,38,UK,Female,69593,3,466.75,0
1430,31,UK,Female,95609,4,297.69,0
1431,48,Germany,Female,25209,2,105.9,0
1432,65,Poland,Female,26533,6,338.57,0
1433,35,Italy,Female,106597,5,495.57,0
1434,24,Spain,Male,27211,1,415.26,0
1435,27,France,Female,29927,8,377.96,0
1436,24,Italy,Female,97463,6,119.86,0
1437,50,Spain,Male,44594,1,440.55,0
1438,40,France,Female,94852,9,272.38,0
1439,38,Germany,Female,97713,3,446.86,0
1440,36,UK,Male,96382,9,178.32,0
1441,65,Germany,Female,27933,4,49.78,0
1442,36,Germany,Male,60696,3,248.47,0
1443,53,Italy,Male,85449,7,149.52,0
1444,46,USA,Male,87616,5,363.31,0
1445,35,Italy,Male,26089,6,479.41,0
1446,19,Poland,Female,76548,3,351.67,0
1447,18,France,Male,46123,7,445.73,0
1448,64,UK,Male,27797,5,237.45,0
1449,22,Italy,Female,70013,8,390.39,0
1450,37,France,Male,28346,7,424.66,0
1451,28,Spain,Male,105414,3,361.22,0
1452,59,France,Male,53672,5,263.73,0
1453,19,Spain,Male,37653,9,320.42,0
1454,20,Italy,Female,69556,5,356.24,0
1455,40,Poland,Male,46140,6,141.48,0
1456,29,Italy,Female,21184,4,408.6,0
1457,37,Spain,Female,54493,6,476.16,0
1458,22,France,Male,64148,6,243.31,0
1459,54,France,Male,44846,5,356.51,0
1460,55,Spain,Male,42195,6,373.77,0
1461,47,Germany,Male,25606,4,337.88,0
1462,26,Poland,Female,23956,4,282.62,0
1463,51,USA,Female,36555,7,443.19,0
1464,61,UK,Female,110385,7,235.48,0
1465,52,France,Male,38690,5,49.33,0
1466,69,UK,Female,78502,3,425.39,0
1467,39,USA,Male,68849,3,343.51,0
1468,61,Italy,Male,46347,3,427.64,0
1469,41,UK,Male,118725,2,86.5,1
1470,34,USA,Male,111321,6,34.76,0
1471,27,Spain,Male,69056,3,468.5,0
1472,47,Germany,Female,83851,3,90.91,0
1473,63,France,Female,118234,11,408.63,0
1474,40,USA,Male,101502,4,415.14,0
1475,49,UK,Female,116633,10,360.18,0
1476,34,France,Male,101418,8,83.01,0
1477,67,Germany,Male,90211,3,340.35,0
1478,68,Spain,Male,61850,7,446.76,0
1479,34,Italy,Female,98545,5,224.26,0
1480,31,France,Male,47843,3,218.49,0
1481,26,Italy,Male,82320,5,232.57,0
1482,57,USA,Female,49793,6,59.49,0
1483,19,Germany,Female,59516,5,448.17,0
1484,62,UK,Female,37857,5,437.21,0
1485,42,Germany,Male,39627,2,499.0,0
1486,56,Germany,Male,81822,6,300.89,0
1487,26,Poland,Female,104101,5,380.57,0
1488,39,Germany,Male,111561,4,117.28,0
1489,60,Germany,Female,72248,7,340.41,0
1490,63,France,Female,75798,5,331.87,0
1491,21,UK,Male,113368,6,452.58,0
1492,43,France,Male,64116,6,418.78,0
1493,46,France,Female,95318,6,470.46,0
1494,62,USA,Female,107902,3,437.04,0
1495,51,France,Female,48557,5,436.97,0
1496,40,Poland,Female,91334,4,50.59,0
1497,54,Poland,Male,95163,8,426.06,0
1498,28,Italy,Female,98002,3,311.59,0
1499,23,USA,Female,62614,2,202.61,0
1500,35,Italy,Female,32720,1,47.13,1
1501,38,Italy,Male,77608,7,345.28,0
1502,59,Spain,Male,92095,3,177.54,0
1503,53,UK,Female,104694,2,244.53,0
1504,58,UK,Male,116452,4,347.23,0
1505,55,France,Male,107593,6,457.65,0
1506,51,France,Male,55892,2,416.21,0
1507,34,Spain,Female,97242,7,236.29,0
1508,54,France,Female,97606,4,206.14,0
1509,42,UK,Male,20924,10,135.09,0
1510,55,Italy,Female,71322,8,198.76,0
1511,29,Germany,Female,46478,6,73.3,0
1512,40,Poland,Male,91042,7,486.13,0
1513,59,Germany,Male,66418,3,295.48,0
1514,39,Germany,Female,82217,4,81.35,0
1515,38,UK,Male,110140,8,189.35,0
1516,44,Germany,Female,100846,5,282.58,0
1517,48,Spain,Female,93762,4,275.79,0
1518,23,USA,Male,31781,4,37.04,0
1519,44,France,Female,25515,5,476.4,0
1520,57,USA,Female,56133,5,152.18,0
1521,51,Italy,Male,102508,4,27.77,0
1522,29,Poland,Male,117628,3,56.69,0
1523,62,France,Male,96946,6,298.49,0
1524,24,Germany,Female,105058,8,86.14,0
1525,27,Poland,Male,29095,5,40.03,0
1526,62,France,Male,108583,5,202.22,0
1527,34,Spain,Male,40470,3,318.93,0
1528,43,Spain,Male,63129,5,73.68,0
1529,38,Spain,Female,28531,5,170.4,0
1530,45,Spain,Female,57038,10,220.53,0
1531,63,Germany,Male,107939,4,96.54,0
1532,19,USA,Female,62674,4,262.92,0
1533,60,France,Male,114658,9,60.9,0
1534,18,Germany,Male,102476,5,42.33,0
1535,68,Spain,Female,49831,4,269.52,0
1536,53,Italy,Female,77174,2,138.99,0
1537,68,USA,Male,31279,4,65.78,0
1538,43,Italy,Male,58220,4,223.48,0
1539,46,Poland,Female,80610,5,459.27,0
1540,38,Italy,Male,72719,2,367.61,0
1541,28,Poland,Female,73051,8,411.5,0
1542,57,Poland,Male,92013,3,438.52,0
1543,28,Spain,Male,76652,5,486.86,0
1544,53,Poland,Female,85524,4,386.36,0
1545,66,UK,Female,102936,5,312.04,0
1546,56,France,Female,26470,7,195.4,0
1547,57,France,Female,87598,6,107.19,0
1548,52,Spain,Female,61798,7,349.6,0
1549,51,UK,Female,73473,3,497.58,0
1550,64,Italy,Female,39880,8,244.33,0
1551,41,Germany,Male,64439,3,367.37,0
1552,39,Italy,Male,34308,6,257.64,0
1553,22,Germany,Male,111563,6,227.33,0
1554,50,Poland,Female,116256,6,216.95,0
1555,53,USA,Female,55081,3,262.22,0
1556,64,Germany,Female,95242,1,196.11,0
1557,37,USA,Male,70383,6,379.41,0
1558,36,France,Female,29837,5,439.65,0
1559,52,USA,Female,72151,2,443.78,0
1560,69,France,Male,56824,4,129.3,0
1561,60,UK,Female,53073,10,450.04,0
1562,34,UK,Male,117624,3,183.94,0
1563,62,Spain,Male,113648,11,168.47,0
1564,60,Spain,Female,46299,2,368.84,0
1565,51,Poland,Female,119993,3,166.25,0
1566,26,Germany,Female,78861,3,45.42,0
1567,43,Poland,Male,50063,2,199.34,0
1568,19,France,Male,89453,3,366.3,0
1569,26,Poland,Male,88472,6,176.94,0
1570,26,USA,Female,34506,6,322.19,0
1571,57,France,Female,114341,7,336.86,0
1572,34,Spain,Female,99854,3,372.19,0
1573,18,UK,Female,46026,5,450.62,0
1574,42,Spain,Male,47672,2,227.63,0
1575,60,Germany,Male,58417,5,99.89,0
1576,57,France,Male,72413,4,173.08,0
1577,59,France,Male,85066,1,227.44,0
1578,42,USA,Female,79213,3,362.67,0
1579,56,Germany,Female,70971,3,26.3,0
1580,52,UK,Female,47281,8,171.58,0
1581,20,Italy,Male,48091,10,394.32,0
1582,67,France,Male,70494,4,342.01,0
1583,54,France,Female,38610,5,371.24,0
1584,61,USA,Female,21079,6,409.67,0
1585,61,Poland,Male,115386,3,395.95,0
1586,68,UK,Female,66751,11,347.45,0
1587,47,Spain,Male,106126,5,231.04,0
1588,55,Germany,Male,75432,5,492.13,0
1589,51,France,Male,50951,3,293.16,0
1590,29,France,Female,100863,7,117.33,0
1591,36,Spain,Female,98291,2,160.55,0
1592,54,UK,Male,79872,5,352.91,0
1593,61,Poland,Female,27235,4,463.87,0
1594,66,France,Male,102733,6,105.79,0
1595,34,UK,Male,82712,4,59.53,0
1596,27,Spain,Male,41473,5,443.13,0
1597,66,USA,Male,87567,3,459.33,0
1598,64,Poland,Female,99823,5,152.66,0
1599,29,Germany,Male,52230,6,201.1,0
1600,33,France,Male,104573,3,336.89,0
1601,41,UK,Female,112588,7,178.37,0
1602,36,USA,Male,88876,4,441.04,0
1603,25,Germany,Male,60644,2,71.64,1
1604,48,Italy,Female,68664,12,38.23,0
1605,38,UK,Female,65203,4,120.07,0
1606,34,UK,Female,86677,2,157.32,0
1607,40,Germany,Male,45425,7,74.2,0
1608,54,USA,Female,104817,1,51.53,1
1609,33,Italy,Female,105961,0,382.69,0
1610,23,Spain,Male,117649,3,98.85,0
1611,25,USA,Male,89806,10,458.68,0
1612,42,Poland,Male,62814,2,196.64,0
1613,35,France,Male,90219,9,341.89,0
1614,42,Germany,Male,69646,3,128.19,0
1615,29,Spain,Female,59884,6,135.35,0
1616,32,Italy,Female,115345,5,295.86,0
1617,43,Germany,Female,89322,3,289.11,0
1618,58,Germany,Male,41650,8,388.99,0
1619,62,USA,Male,114242,4,383.75,0
1620,43,France,Male,29190,5,341.93,0
1621,64,Poland,Female,58196,4,235.58,0
1622,49,UK,Female,59449,4,447.51,0
1623,27,UK,Male,59661,3,318.84,0
1624,33,Germany,Female,49709,5,495.3,0
1625,24,France,Male,100428,3,413.3,0
1626,34,Italy,Female,95179,7,41.27,0
1627,40,Italy,Female,29943,2,173.89,0
1628,43,Spain,Female,63240,7,294.5,0
1629,38,USA,Male,65760,4,366.31,0
1630,39,France,Female,41042,3,284.16,0
1631,24,France,Female,63894,3,397.34,0
1632,31,USA,Male,26869,8,155.67,0
1633,32,Italy,Female,81078,10,108.28,0
1634,24,Italy,Male,76759,5,45.88,0
1635,26,Italy,Male,64306,8,295.19,0
1636,68,Germany,Male,75371,1,350.53,0
1637,65,France,Male,40918,6,176.55,0
1638,25,UK,Male,48379,2,314.52,0
1639,67,USA,Female,110810,4,45.04,0
1640,40,Italy,Male,103232,4,67.66,0
1641,46,Spain,Male,22962,8,356.84,0
1642,35,Italy,Male,33851,7,196.67,0
1643,48,Italy,Male,65747,4,342.24,0
1644,47,Poland,Female,72349,7,419.23,0
1645,69,Germany,Male,90832,5,429.26,0
1646,56,USA,Female,76356,7,102.64,0
1647,52,Poland,Male,34745,3,253.42,0
1648,35,Poland,Female,25730,4,372.28,0
1649,59,Spain,Male,33921,8,391.51,0
1650,56,France,Male,118430,7,396.64,0
1651,34,Spain,Female,91138,2,129.52,0
1652,31,France,Male,103111,2,112.42,0
1653,48,France,Female,39023,6,303.21,0
1654,41,USA,Male,65349,8,375.72,0
1655,52,Italy,Female,101533,4,173.19,0
1656,61,USA,Male,103286,6,70.26,0
1657,62,Germany,Male,61979,8,364.04,0
1658,51,France,Female,42837,6,163.85,0
1659,20,Poland,Male,34997,4,99.85,0
1660,54,Italy,Male,108603,6,90.91,0
1661,60,UK,Male,65039,6,171.16,0
1662,57,Germany,Male,40923,4,304.49,0
1663,43,USA,Male,28876,4,192.03,0
1664,40,Spain,Male,80973,5,29.92,0
1665,61,Germany,Female,22887,9,66.52,0
1666,56,Germany,Female,83723,5,159.44,0
1667,32,Italy,Female,62422,6,336.66,0
1668,66,Germany,Male,71413,9,67.29,0
1669,21,Germany,Female,22841,3,289.12,0
1670,46,UK,Male,48756,10,77.55,0
1671,39,Spain,Male,91576,7,121.58,0
1672,42,Spain,Male,30304,6,102.65,0
1673,30,Spain,Male,50341,5,52.27,0
1674,35,France,Female,24758,5,342.24,0
1675,50,Poland,Male,37010,9,242.43,0
1676,33,Spain,Female,80758,7,418.91,0
1677,62,Germany,Male,51658,7,67.47,0
1678,59,Germany,Female,69002,5,89.47,0
1679,61,Spain,Female,21375,2,167.1,0
1680,19,Italy,Female,119485,5,387.62,0
1681,52,Spain,Female,42092,4,166.76,0
1682,59,Germany,Female,20490,7,216.04,0
1683,51,France,Female,23729,3,164.77,0
1684,47,USA,Male,25974,3,58.51,0
1685,30,USA,Female,105216,6,470.93,0
1686,30,Spain,Male,103860,3,283.3,0
1687,35,UK,Female,116870,5,398.16,0
1688,49,Spain,Male,41398,3,336.01,0
1689,49,Italy,Female,54650,8,266.84,0
1690,52,Spain,Female,41292,3,63.05,0
1691,56,USA,Male,23159,7,328.51,0
1692,63,Germany,Female,118162,5,94.58,0
1693,69,Spain,Female,82766,6,218.9,0
1694,46,Germany,Female,114887,4,321.97,0
1695,66,Germany,Male,37065,6,395.47,0
1696,46,UK,Female,41638,7,348.82,0
1697,61,Germany,Male,21073,10,342.34,0
1698,33,USA,Female,66511,7,91.54,0
1699,61,France,Female,104307,6,186.14,0
1700,64,France,Male,49320,4,40.6,0
1701,27,Poland,Female,89876,6,365.35,0
1702,47,Italy,Female,54924,2,477.24,0
1703,42,Spain,Male,101720,2,146.77,0
1704,56,Italy,Female,60734,3,62.09,0
1705,37,USA,Male,88116,9,248.27,0
1706,22,Germany,Male,60025,4,431.22,0
1707,18,France,Male,114503,7,284.95,0
1708,47,Italy,Female,22159,8,42.45,0
1709,66,USA,Male,68940,6,487.65,0
1710,20,France,Male,99436,3,417.75,0
1711,62,Germany,Female,96976,6,83.17,0
1712,31,Italy,Male,34678,3,462.46,0
1713,47,France,Female,81075,7,236.33,0
1714,67,Spain,Female,67204,6,198.51,0
1715,21,Spain,Female,32021,2,241.31,0
1716,35,Poland,Female,26772,1,420.59,0
1717,54,Poland,Male,87163,2,336.55,0
1718,42,France,Male,93755,5,48.44,0
1719,65,USA,Male,43464,4,479.65,0
1720,18,Spain,Male,71137,5,90.94,0
1721,63,USA,Male,50232,8,377.87,0
1722,32,USA,Female,81497,4,325.35,0
1723,26,France,Male,94024,6,110.01,0
1724,32,USA,Male,71448,3,101.95,0
1725,66,Spain,Male,104517,4,437.76,0
1726,41,Germany,Female,20901,8,221.45,0
1727,21,Poland,Female,107980,5,334.2,0
1728,29,Germany,Male,103597,7,261.95,0
1729,54,USA,Female,22881,2,369.13,0
1730,54,Germany,Male,49863,5,250.04,0
1731,60,Spain,Male,25622,10,157.94,0
1732,23,Spain,Female,21378,4,194.42,0
1733,56,USA,Female,103168,5,432.36,0
1734,63,France,Male,113847,3,244.66,0
1735,41,Germany,Male,91186,3,122.46,0
1736,28,France,Female,65201,8,468.61,0
1737,30,France,Male,79251,3,402.37,0
1738,51,UK,Female,92572,7,46.72,0
1739,42,USA,Male,59255,8,499.49,0
1740,24,Poland,Female,83212,4,353.56,0
1741,69,Spain,Male,70210,5,96.93,0
1742,21,Spain,Male,42499,6,133.84,0
1743,25,USA,Female,71628,1,352.37,0
1744,37,Italy,Male,81360,2,394.29,0
1745,46,Italy,Male,24603,3,134.74,0
1746,68,Italy,Female,113309,4,143.35,0
1747,62,Poland,Male,105473,4,167.42,0
1748,63,Spain,Male,32632,4,307.05,0
1749,27,USA,Male,50607,3,102.47,0
1750,60,Spain,Female,111873,5,70.04,0
1751,51,France,Female,85756,5,345.85,0
1752,43,Germany,Female,66994,2,393.97,0
1753,58,Germany,Male,83382,6,260.45,0
1754,66,Spain,Male,90354,3,194.64,0
1755,20,UK,Male,76344,4,227.38,0
1756,23,Poland,Male,73775,3,206.44,0
1757,22,Italy,Female,27349,6,480.79,0
1758,22,Poland,Male,91154,4,388.68,0
1759,64,Poland,Male,47464,1,119.88,0
1760,40,France,Male,62624,9,204.41,0
1761,66,Poland,Female,57344,7,281.13,0
1762,26,Germany,Male,103791,5,314.23,0
1763,52,France,Male,44299,4,244.73,0
1764,37,USA,Male,67975,2,408.86,0
1765,66,Poland,Male,21462,4,388.45,0
1766,59,Poland,Male,101441,5,262.48,0
1767,52,USA,Female,110456,4,430.13,0
1768,67,Poland,Male,101788,6,380.52,0
1769,35,USA,Male,60581,3,393.72,0
1770,34,France,Male,91289,7,479.07,0
1771,41,Germany,Male,34175,5,147.9,0
1772,20,USA,Male,26191,6,148.47,0
1773,49,UK,Male,103434,7,446.7,0
1774,52,USA,Male,104518,2,390.67,0
1775,55,Poland,Male,100158,6,464.74,0
1776,30,Italy,Male,86537,4,50.3,0
1777,64,Italy,Male,67645,6,321.32,0
1778,42,France,Female,43283,3,89.42,0
1779,26,Spain,Female,106971,6,261.87,0
1780,21,France,Female,112759,8,94.76,0
1781,31,Spain,Female,79123,3,81.48,0
1782,54,Italy,Male,50024,7,25.84,0
1783,51,Italy,Female,69630,15,322.51,0
1784,28,USA,Female,50734,7,192.33,0
1785,58,Germany,Male,20515,6,70.49,0
1786,20,UK,Female,86727,3,174.96,0
1787,45,France,Female,117800,2,101.09,0
1788,46,Poland,Male,66216,5,472.01,0
1789,26,Spain,Male,91833,6,173.6,0
1790,20,Poland,Male,78755,6,180.3,0
1791,42,Germany,Female,47856,4,423.13,0
1792,51,Spain,Female,93870,1,330.92,0
1793,29,France,Male,44162,6,360.88,0
1794,59,USA,Male,26008,8,325.28,0
1795,26,Poland,Female,27987,2,474.17,0
1796,32,Germany,Male,82532,2,119.36,0
1797,57,France,Female,116502,2,494.74,0
1798,42,Italy,Male,23332,5,418.86,0
1799,22,Italy,Male,86323,7,302.71,0
1800,28,France,Female,58990,7,337.94,0
1801,51,France,Male,29873,9,331.44,0
1802,41,France,Male,102542,4,48.03,0
1803,32,Spain,Male,105761,7,124.65,0
1804,55,France,Female,56444,5,481.51,0
1805,25,Poland,Male,55340,7,276.49,0
1806,22,Germany,Male,25033,7,201.61,0
1807,65,Spain,Male,93324,3,385.78,0
1808,43,France,Male,35689,5,271.77,0
1809,35,UK,Male,107134,5,26.32,0
1810,23,UK,Male,115239,5,373.39,0
1811,54,Germany,Female,20066,5,371.46,0
1812,65,Italy,Female,65246,8,99.27,0
1813,30,USA,Male,27533,2,479.2,0
1814,45,USA,Female,100639,6,127.48,0
1815,22,Italy,Female,90152,6,239.72,0
1816,30,Spain,Male,79658,6,75.07,0
1817,34,Spain,Female,58498,1,309.58,0
1818,67,Spain,Female,31772,10,200.22,0
1819,57,USA,Female,109385,5,189.52,0
1820,62,UK,Female,69036,3,416.95,0
1821,49,USA,Female,78531,0,24.59,1
1822,46,Poland,Female,32940,7,403.01,0
1823,68,France,Female,36932,4,294.3,0
1824,20,Spain,Female,115305,6,493.33,0
1825,57,UK,Male,76827,4,302.93,0
1826,51,Germany,Male,81431,2,46.58,1
1827,57,Germany,Female,44648,4,44.31,0
1828,44,France,Female,52966,9,443.91,0
1829,30,UK,Male,47777,4,423.78,0
1830,62,USA,Female,52567,5,186.03,0
1831,50,USA,Female,37174,8,316.66,0
1832,23,Poland,Male,62598,2,255.0,0
1833,41,Poland,Male,79199,2,484.24,0
1834,36,USA,Male,33798,5,475.98,0
1835,33,Germany,Female,85364,4,492.24,0
1836,57,Spain,Female,37558,8,435.9,0
1837,45,Germany,Male,81084,6,456.58,0
1838,50,Poland,Male,64237,9,124.29,0
1839,65,France,Female,85497,7,418.88,0
1840,58,USA,Male,20178,2,360.25,0
1841,30,Poland,Female,106006,8,482.14,0
1842,60,Poland,Female,37118,3,294.21,0
1843,62,Spain,Male,42616,5,60.88,0
1844,42,USA,Male,20798,4,306.75,0
1845,59,Spain,Female,27601,5,349.56,0
1846,53,USA,Male,45363,4,125.75,0
1847,44,Spain,Male,22795,8,209.17,0
1848,55,Germany,Male,117462,0,307.28,0
1849,24,France,Male,65264,7,199.57,0
1850,22,France,Female,92833,4,199.97,0
1851,60,USA,Female,23084,5,83.88,0
1852,62,UK,Female,115865,2,471.56,0
1853,68,Italy,Female,96646,3,380.24,0
1854,48,Poland,Male,20731,3,20.6,0
1855,40,Poland,Male,21129,1,387.49,0
1856,59,USA,Female,48022,3,375.1,0
1857,27,Spain,Female,21605,4,24.67,0
1858,49,UK,Male,97506,4,197.41,0
1859,60,Germany,Female,64130,7,311.24,0
1860,47,Spain,Female,49265,9,237.32,0
1861,56,Spain,Male,52330,1,393.43,0
1862,48,USA,Female,88469,3,224.22,0
1863,35,USA,Male,35187,5,93.85,0
1864,53,Poland,Male,45791,1,488.68,0
1865,19,USA,Female,110436,3,136.18,0
1866,31,USA,Male,90610,5,364.49,0
1867,30,USA,Female,111962,7,88.72,0
1868,46,Poland,Male,59867,4,177.93,0
1869,29,Germany,Female,20893,6,232.17,0
1870,56,Germany,Female,119694,4,112.27,0
1871,19,Italy,Female,39773,3,235.98,0
1872,49,Italy,Male,24239,5,95.44,0
1873,30,USA,Male,40863,4,288.32,0
1874,63,Italy,Female,71415,4,338.58,0
1875,44,Poland,Male,88968,4,49.97,0
1876,66,Germany,Female,80430,5,438.14,0
1877,58,Spain,Female,21515,4,108.87,0
1878,34,Germany,Male,117206,8,128.17,0
1879,57,Germany,Female,34605,3,337.45,0
1880,48,Poland,Male,76240,5,245.0,0
1881,51,Italy,Female,25586,4,259.71,0
1882,41,Spain,Male,51186,3,81.51,0
1883,62,Poland,Female,46928,5,406.75,0
1884,52,USA,Female,118264,5,316.19,0
1885,65,France,Male,103087,5,84.98,0
1886,23,Germany,Female,107029,2,199.52,0
1887,36,France,Female,40711,4,409.0,0
1888,47,Poland,Male,74962,4,292.81,0
1889,24,Poland,Female,40039,7,72.15,0
1890,27,Poland,Male,56561,2,198.93,0
1891,58,France,Female,95483,3,136.49,0
1892,49,Poland,Male,117871,4,268.38,0
1893,51,USA,Female,101395,5,424.81,0
1894,45,Poland,Female,108658,7,229.41,0
1895,32,UK,Female,21577,5,228.0,0
1896,47,Italy,Male,48350,3,454.57,0
1897,54,France,Male,53798,2,296.57,0
1898,46,UK,Male,117434,5,291.77,0
1899,39,Poland,Male,101417,7,145.72,0
1900,21,USA,Female,30785,5,311.71,0
1901,37,Germany,Female,92227,5,296.44,0
1902,49,Spain,Male,81957,7,210.49,0
1903,53,Italy,Male,85431,7,495.53,0
1904,67,Spain,Male,37297,10,443.31,0
1905,21,Poland,Female,91894,4,379.8,0
1906,44,Italy,Male,83772,4,277.93,0
1907,34,Italy,Male,39581,0,241.79,0
1908,29,USA,Female,75192,3,108.75,0
1909,39,Italy,Female,21462,3,166.75,0
1910,34,France,Male,84173,2,391.5,0
1911,27,UK,Female,35511,9,237.8,0
1912,18,UK,Male,96106,8,443.49,0
1913,39,UK,Female,68665,8,91.0,0
1914,43,France,Male,64414,4,264.01,0
1915,35,Spain,Male,101010,10,330.54,0
1916,67,USA,Male,92573,3,268.09,0
1917,31,Italy,Male,113665,2,446.83,0
1918,64,France,Female,33386,2,494.99,0
1919,46,UK,Female,74460,2,75.6,1
1920,29,Poland,Female,26221,6,82.38,0
1921,53,Germany,Female,43474,2,82.56,1
1922,52,Italy,Male,41045,9,346.97,0
1923,69,France,Male,111319,8,198.88,0
1924,29,France,Female,24922,4,371.99,0
1925,24,USA,Female,42706,4,214.63,0
1926,46,USA,Female,62771,3,321.25,0
1927,28,France,Female,72335,9,389.53,0
1928,50,UK,Female,118015,10,283.14,0
1929,23,Germany,Male,72949,5,278.96,0
1930,64,Italy,Male,90714,5,62.35,0
1931,32,USA,Male,115558,9,217.18,0
1932,49,Italy,Female,35240,2,281.97,0
1933,68,UK,Female,111756,5,241.75,0
1934,28,Italy,Female,22716,5,452.38,0
1935,40,Poland,Female,36574,8,455.13,0
1936,43,USA,Male,103255,6,414.52,0
1937,51,UK,Male,93717,6,200.14,0
1938,63,UK,Female,64066,7,364.3,0
1939,51,Germany,Male,81826,5,209.74,0
1940,46,Germany,Male,40213,5,131.64,0
1941,21,Poland,Female,91916,7,184.59,0
1942,34,UK,Female,86151,4,54.06,0
1943,52,Spain,Female,70906,4,179.25,0
1944,30,UK,Female,20463,6,241.16,0
1945,58,Germany,Female,51973,6,478.63,0
1946,56,Spain,Female,94694,4,170.44,0
1947,32,USA,Male,40651,3,453.18,0
1948,46,USA,Male,88694,3,129.85,0
1949,46,Italy,Female,40008,10,111.67,0
1950,28,France,Male,90474,6,269.12,0
1951,69,Germany,Female,58185,6,342.81,0
1952,49,France,Female,107924,4,41.28,0
1953,19,Spain,Female,94417,1,126.11,0
1954,64,Germany,Female,91139,5,238.73,0
1955,31,Poland,Male,54980,7,178.88,0
1956,37,UK,Female,42504,4,362.06,0
1957,39,Poland,Male,74970,3,265.36,0
1958,28,Spain,Female,36766,5,96.97,0
1959,44,Germany,Female,113922,7,449.34,0
1960,20,Spain,Female,31695,9,160.59,0
1961,34,UK,Male,37796,2,370.94,0
1962,61,USA,Female,62543,6,394.36,0
1963,45,USA,Female,34559,2,482.32,0
1964,46,Spain,Female,53139,3,259.28,0
1965,38,France,Male,28802,5,315.6,0
1966,64,Germany,Male,93843,3,180.74,0
1967,33,Germany,Male,60205,4,345.53,0
1968,54,USA,Female,118750,5,242.42,0
1969,37,Italy,Male,54159,4,230.07,0
1970,23,Poland,Female,31516,5,430.62,0
1971,36,Italy,Male,70492,2,44.08,1
1972,22,UK,Male,49086,4,443.34,0
1973,20,Poland,Female,50480,5,428.99,0
1974,18,Poland,Male,72091,6,263.06,0
1975,55,Spain,Female,67766,10,255.3,0
1976,32,USA,Female,58737,5,193.67,0
1977,51,Italy,Male,29265,6,497.2,0
1978,52,Italy,Female,90990,7,73.36,0
1979,66,USA,Female,111717,4,303.3,0
1980,42,Italy,Male,35386,7,347.21,0
1981,41,USA,Male,57425,6,468.48,0
1982,29,Spain,Female,63254,2,394.5,0
1983,35,France,Male,109863,3,329.05,0
1984,32,Poland,Female,73634,4,76.07,0
1985,61,Spain,Female,106717,4,199.39,0
1986,33,Germany,Male,67662,5,86.64,0
1987,44,UK,Male,106988,7,442.98,0
1988,25,France,Male,119287,3,379.82,0
1989,63,Germany,Male,107527,3,383.62,0
1990,42,Poland,Female,95452,6,333.08,0
1991,34,Italy,Female,30143,3,263.38,0
1992,46,USA,Male,111391,9,91.99,0
1993,25,Poland,Male,35581,7,178.25,0
1994,32,Spain,Female,87443,5,85.72,0
1995,44,UK,Female,49424,6,367.96,0
1996,63,Spain,Female,108844,6,96.91,0
1997,67,France,Female,61984,3,357.01,0
1998,69,France,Male,61505,8,352.28,0
1999,24,UK,Female,82699,10,240.47,0
2000,20,Germany,Female,46957,6,84.91,0
